<?xml version="1.0" encoding="UTF-8"?>
<ipxact:designConfiguration xmlns:xsi="http://www.w3.org/2001/XMLSchema-instance" xmlns:ipxact="http://www.accellera.org/XMLSchema/IPXACT/1685-2014" xmlns:anlogic="http" xsi:schemaLocation="http://www.accellera.org/XMLSchema/IPXACT/1685-2014 http://www.accellera.org/XMLSchema/IPXACT/1685-2014/index.xsd">
    <ipxact:vendor>anlogic.com</ipxact:vendor>
    <ipxact:library>customized</ipxact:library>
    <ipxact:name>designConfig_top_AXI4_Stream_to_Video_Out_0</ipxact:name>
    <ipxact:version>1.0</ipxact:version>
    <ipxact:viewConfiguration>
        <ipxact:instanceName>alc_axi4s_vid_out_9cd4d03e9142_Inst</ipxact:instanceName>
        <ipxact:view viewRef="view"/>
    </ipxact:viewConfiguration>
    <ipxact:vendorExtensions>
        <anlogic:displayname>AXI4_Stream_to_Video_Out_1.0</anlogic:displayname>
        <anlogic:ipGenVersion>1.0</anlogic:ipGenVersion>
    </ipxact:vendorExtensions>
</ipxact:designConfiguration>
