<?xml version="1.0" encoding="UTF-8"?>
<ipxact:component xmlns:xsi="http://www.w3.org/2001/XMLSchema-instance" xmlns:ipxact="http://www.accellera.org/XMLSchema/IPXACT/1685-2014" xmlns:anlogic="http" xsi:schemaLocation="http://www.accellera.org/XMLSchema/IPXACT/1685-2014 http://www.accellera.org/XMLSchema/IPXACT/1685-2014/index.xsd">
    <ipxact:vendor>anlogic.com</ipxact:vendor>
    <ipxact:library>customized</ipxact:library>
    <ipxact:name>top_AXI4_Stream_to_Video_Out_0</ipxact:name>
    <ipxact:version>1.0</ipxact:version>
    <ipxact:model>
        <ipxact:views>
            <ipxact:view>
                <ipxact:name>top_AXI4_Stream_to_Video_Out_0_RTL</ipxact:name>
                <ipxact:componentInstantiationRef>top_AXI4_Stream_to_Video_Out_0</ipxact:componentInstantiationRef>
                <ipxact:designInstantiationRef>design_top_AXI4_Stream_to_Video_Out_0_Inst</ipxact:designInstantiationRef>
                <ipxact:designConfigurationInstantiationRef>designConfig_top_AXI4_Stream_to_Video_Out_0_Inst</ipxact:designConfigurationInstantiationRef>
            </ipxact:view>
        </ipxact:views>
        <ipxact:instantiations>
            <ipxact:componentInstantiation>
                <ipxact:name>top_AXI4_Stream_to_Video_Out_0</ipxact:name>
                <ipxact:language>verilog</ipxact:language>
                <ipxact:moduleName>top_AXI4_Stream_to_Video_Out_0</ipxact:moduleName>
                <ipxact:fileSetRef>
                    <ipxact:localName>fs-top_AXI4_Stream_to_Video_Out_0</ipxact:localName>
                </ipxact:fileSetRef>
            </ipxact:componentInstantiation>
            <ipxact:designInstantiation>
                <ipxact:name>design_top_AXI4_Stream_to_Video_Out_0_Inst</ipxact:name>
                <ipxact:designRef vendor="anlogic.com" library="customized" name="design_top_AXI4_Stream_to_Video_Out_0" version="1.0"/>
            </ipxact:designInstantiation>
            <ipxact:designConfigurationInstantiation>
                <ipxact:name>designConfig_top_AXI4_Stream_to_Video_Out_0_Inst</ipxact:name>
                <ipxact:designConfigurationRef vendor="anlogic.com" library="customized" name="designConfig_top_AXI4_Stream_to_Video_Out_0" version="1.0"/>
            </ipxact:designConfigurationInstantiation>
        </ipxact:instantiations>
        <ipxact:ports>
            <ipxact:port>
                <ipxact:name>aclk</ipxact:name>
                <ipxact:displayName>aclk</ipxact:displayName>
                <ipxact:wire>
                    <ipxact:direction>in</ipxact:direction>
                </ipxact:wire>
            </ipxact:port>
            <ipxact:port>
                <ipxact:name>aclken</ipxact:name>
                <ipxact:displayName>aclken</ipxact:displayName>
                <ipxact:wire>
                    <ipxact:direction>in</ipxact:direction>
                </ipxact:wire>
            </ipxact:port>
            <ipxact:port>
                <ipxact:name>aresetn</ipxact:name>
                <ipxact:displayName>aresetn</ipxact:displayName>
                <ipxact:wire>
                    <ipxact:direction>in</ipxact:direction>
                </ipxact:wire>
            </ipxact:port>
            <ipxact:port>
                <ipxact:name>s_axis_video_tdata</ipxact:name>
                <ipxact:displayName>s_axis_video_tdata</ipxact:displayName>
                <ipxact:wire>
                    <ipxact:direction>in</ipxact:direction>
                    <ipxact:vectors>
                        <ipxact:vector>
                            <ipxact:left>23</ipxact:left>
                            <ipxact:right>0</ipxact:right>
                        </ipxact:vector>
                    </ipxact:vectors>
                </ipxact:wire>
            </ipxact:port>
            <ipxact:port>
                <ipxact:name>s_axis_video_tvalid</ipxact:name>
                <ipxact:displayName>s_axis_video_tvalid</ipxact:displayName>
                <ipxact:wire>
                    <ipxact:direction>in</ipxact:direction>
                </ipxact:wire>
            </ipxact:port>
            <ipxact:port>
                <ipxact:name>s_axis_video_tready</ipxact:name>
                <ipxact:displayName>s_axis_video_tready</ipxact:displayName>
                <ipxact:wire>
                    <ipxact:direction>out</ipxact:direction>
                </ipxact:wire>
            </ipxact:port>
            <ipxact:port>
                <ipxact:name>s_axis_video_tuser</ipxact:name>
                <ipxact:displayName>s_axis_video_tuser</ipxact:displayName>
                <ipxact:wire>
                    <ipxact:direction>in</ipxact:direction>
                </ipxact:wire>
            </ipxact:port>
            <ipxact:port>
                <ipxact:name>s_axis_video_tlast</ipxact:name>
                <ipxact:displayName>s_axis_video_tlast</ipxact:displayName>
                <ipxact:wire>
                    <ipxact:direction>in</ipxact:direction>
                </ipxact:wire>
            </ipxact:port>
            <ipxact:port>
                <ipxact:name>fid</ipxact:name>
                <ipxact:displayName>fid</ipxact:displayName>
                <ipxact:wire>
                    <ipxact:direction>in</ipxact:direction>
                </ipxact:wire>
            </ipxact:port>
            <ipxact:port>
                <ipxact:name>vid_io_out_ce</ipxact:name>
                <ipxact:displayName>vid_io_out_ce</ipxact:displayName>
                <ipxact:wire>
                    <ipxact:direction>in</ipxact:direction>
                </ipxact:wire>
            </ipxact:port>
            <ipxact:port>
                <ipxact:name>vid_active_video</ipxact:name>
                <ipxact:displayName>vid_active_video</ipxact:displayName>
                <ipxact:wire>
                    <ipxact:direction>out</ipxact:direction>
                </ipxact:wire>
            </ipxact:port>
            <ipxact:port>
                <ipxact:name>vid_vsync</ipxact:name>
                <ipxact:displayName>vid_vsync</ipxact:displayName>
                <ipxact:wire>
                    <ipxact:direction>out</ipxact:direction>
                </ipxact:wire>
            </ipxact:port>
            <ipxact:port>
                <ipxact:name>vid_hsync</ipxact:name>
                <ipxact:displayName>vid_hsync</ipxact:displayName>
                <ipxact:wire>
                    <ipxact:direction>out</ipxact:direction>
                </ipxact:wire>
            </ipxact:port>
            <ipxact:port>
                <ipxact:name>vid_vblank</ipxact:name>
                <ipxact:displayName>vid_vblank</ipxact:displayName>
                <ipxact:wire>
                    <ipxact:direction>out</ipxact:direction>
                </ipxact:wire>
            </ipxact:port>
            <ipxact:port>
                <ipxact:name>vid_hblank</ipxact:name>
                <ipxact:displayName>vid_hblank</ipxact:displayName>
                <ipxact:wire>
                    <ipxact:direction>out</ipxact:direction>
                </ipxact:wire>
            </ipxact:port>
            <ipxact:port>
                <ipxact:name>vid_field_id</ipxact:name>
                <ipxact:displayName>vid_field_id</ipxact:displayName>
                <ipxact:wire>
                    <ipxact:direction>out</ipxact:direction>
                </ipxact:wire>
            </ipxact:port>
            <ipxact:port>
                <ipxact:name>vid_data</ipxact:name>
                <ipxact:displayName>vid_data</ipxact:displayName>
                <ipxact:wire>
                    <ipxact:direction>out</ipxact:direction>
                    <ipxact:vectors>
                        <ipxact:vector>
                            <ipxact:left>23</ipxact:left>
                            <ipxact:right>0</ipxact:right>
                        </ipxact:vector>
                    </ipxact:vectors>
                </ipxact:wire>
            </ipxact:port>
            <ipxact:port>
                <ipxact:name>vtg_vsync</ipxact:name>
                <ipxact:displayName>vtg_vsync</ipxact:displayName>
                <ipxact:wire>
                    <ipxact:direction>in</ipxact:direction>
                </ipxact:wire>
            </ipxact:port>
            <ipxact:port>
                <ipxact:name>vtg_hsync</ipxact:name>
                <ipxact:displayName>vtg_hsync</ipxact:displayName>
                <ipxact:wire>
                    <ipxact:direction>in</ipxact:direction>
                </ipxact:wire>
            </ipxact:port>
            <ipxact:port>
                <ipxact:name>vtg_vblank</ipxact:name>
                <ipxact:displayName>vtg_vblank</ipxact:displayName>
                <ipxact:wire>
                    <ipxact:direction>in</ipxact:direction>
                </ipxact:wire>
            </ipxact:port>
            <ipxact:port>
                <ipxact:name>vtg_hblank</ipxact:name>
                <ipxact:displayName>vtg_hblank</ipxact:displayName>
                <ipxact:wire>
                    <ipxact:direction>in</ipxact:direction>
                </ipxact:wire>
            </ipxact:port>
            <ipxact:port>
                <ipxact:name>vtg_active_video</ipxact:name>
                <ipxact:displayName>vtg_active_video</ipxact:displayName>
                <ipxact:wire>
                    <ipxact:direction>in</ipxact:direction>
                </ipxact:wire>
            </ipxact:port>
            <ipxact:port>
                <ipxact:name>vtg_field_id</ipxact:name>
                <ipxact:displayName>vtg_field_id</ipxact:displayName>
                <ipxact:wire>
                    <ipxact:direction>in</ipxact:direction>
                </ipxact:wire>
            </ipxact:port>
            <ipxact:port>
                <ipxact:name>vtg_ce</ipxact:name>
                <ipxact:displayName>vtg_ce</ipxact:displayName>
                <ipxact:wire>
                    <ipxact:direction>out</ipxact:direction>
                </ipxact:wire>
            </ipxact:port>
            <ipxact:port>
                <ipxact:name>locked</ipxact:name>
                <ipxact:displayName>locked</ipxact:displayName>
                <ipxact:wire>
                    <ipxact:direction>out</ipxact:direction>
                </ipxact:wire>
            </ipxact:port>
            <ipxact:port>
                <ipxact:name>overflow</ipxact:name>
                <ipxact:displayName>overflow</ipxact:displayName>
                <ipxact:wire>
                    <ipxact:direction>out</ipxact:direction>
                </ipxact:wire>
            </ipxact:port>
            <ipxact:port>
                <ipxact:name>underflow</ipxact:name>
                <ipxact:displayName>underflow</ipxact:displayName>
                <ipxact:wire>
                    <ipxact:direction>out</ipxact:direction>
                </ipxact:wire>
            </ipxact:port>
            <ipxact:port>
                <ipxact:name>fifo_read_level</ipxact:name>
                <ipxact:displayName>fifo_read_level</ipxact:displayName>
                <ipxact:wire>
                    <ipxact:direction>out</ipxact:direction>
                    <ipxact:vectors>
                        <ipxact:vector>
                            <ipxact:left>13</ipxact:left>
                            <ipxact:right>0</ipxact:right>
                        </ipxact:vector>
                    </ipxact:vectors>
                </ipxact:wire>
            </ipxact:port>
            <ipxact:port>
                <ipxact:name>status</ipxact:name>
                <ipxact:displayName>status</ipxact:displayName>
                <ipxact:wire>
                    <ipxact:direction>out</ipxact:direction>
                    <ipxact:vectors>
                        <ipxact:vector>
                            <ipxact:left>31</ipxact:left>
                            <ipxact:right>0</ipxact:right>
                        </ipxact:vector>
                    </ipxact:vectors>
                </ipxact:wire>
            </ipxact:port>
            <ipxact:port>
                <ipxact:name>sof_state_out</ipxact:name>
                <ipxact:displayName>sof_state_out</ipxact:displayName>
                <ipxact:wire>
                    <ipxact:direction>out</ipxact:direction>
                </ipxact:wire>
            </ipxact:port>
        </ipxact:ports>
    </ipxact:model>
    <ipxact:busInterfaces>
        <ipxact:busInterface>
            <ipxact:name>AXIS_Video_In</ipxact:name>
            <ipxact:displayName>AXIS_Video_In</ipxact:displayName>
            <ipxact:busType vendor="anlogic.com" library="bus" name="AXIS" version="1.0"/>
            <ipxact:abstractionTypes>
                <ipxact:abstractionType>
                    <ipxact:abstractionRef vendor="anlogic.com" library="bus" name="AXIS_rtl" version="1.0"/>
                    <ipxact:portMaps>
                        <ipxact:portMap>
                            <ipxact:logicalPort>
                                <ipxact:name>TDATA</ipxact:name>
                            </ipxact:logicalPort>
                            <ipxact:physicalPort>
                                <ipxact:name>s_axis_video_tdata</ipxact:name>
                            </ipxact:physicalPort>
                        </ipxact:portMap>
                        <ipxact:portMap>
                            <ipxact:logicalPort>
                                <ipxact:name>TLAST</ipxact:name>
                            </ipxact:logicalPort>
                            <ipxact:physicalPort>
                                <ipxact:name>s_axis_video_tlast</ipxact:name>
                            </ipxact:physicalPort>
                        </ipxact:portMap>
                        <ipxact:portMap>
                            <ipxact:logicalPort>
                                <ipxact:name>TUSER</ipxact:name>
                            </ipxact:logicalPort>
                            <ipxact:physicalPort>
                                <ipxact:name>s_axis_video_tuser</ipxact:name>
                            </ipxact:physicalPort>
                        </ipxact:portMap>
                        <ipxact:portMap>
                            <ipxact:logicalPort>
                                <ipxact:name>TVALID</ipxact:name>
                            </ipxact:logicalPort>
                            <ipxact:physicalPort>
                                <ipxact:name>s_axis_video_tvalid</ipxact:name>
                            </ipxact:physicalPort>
                        </ipxact:portMap>
                        <ipxact:portMap>
                            <ipxact:logicalPort>
                                <ipxact:name>TREADY</ipxact:name>
                            </ipxact:logicalPort>
                            <ipxact:physicalPort>
                                <ipxact:name>s_axis_video_tready</ipxact:name>
                            </ipxact:physicalPort>
                        </ipxact:portMap>
                    </ipxact:portMaps>
                </ipxact:abstractionType>
            </ipxact:abstractionTypes>
            <ipxact:slave/>
        </ipxact:busInterface>
    </ipxact:busInterfaces>
    <ipxact:fileSets>
        <ipxact:fileSet>
            <ipxact:name>fs-top_AXI4_Stream_to_Video_Out_0</ipxact:name>
            <ipxact:file>
                <ipxact:name>top_AXI4_Stream_to_Video_Out_0.v</ipxact:name>
                <ipxact:fileType>verilogSource</ipxact:fileType>
            </ipxact:file>
            <ipxact:file>
                <ipxact:name>alc_axi4s_vid_out_9cd4d03e9142.v</ipxact:name>
                <ipxact:fileType>verilogSource</ipxact:fileType>
            </ipxact:file>
        </ipxact:fileSet>
    </ipxact:fileSets>
    <ipxact:vendorExtensions>
        <anlogic:displayname>AXI4_Stream_to_Video_Out_1.0</anlogic:displayname>
        <anlogic:ipGenVersion>1.0</anlogic:ipGenVersion>
    </ipxact:vendorExtensions>
</ipxact:component>
