<?xml version="1.0" encoding="UTF-8"?>
<ipxact:designConfiguration xmlns:xsi="http://www.w3.org/2001/XMLSchema-instance" xmlns:ipxact="http://www.accellera.org/XMLSchema/IPXACT/1685-2014" xmlns:anlogic="http" xsi:schemaLocation="http://www.accellera.org/XMLSchema/IPXACT/1685-2014 http://www.accellera.org/XMLSchema/IPXACT/1685-2014/index.xsd">
    <ipxact:vendor>anlogic.com</ipxact:vendor>
    <ipxact:library>customized</ipxact:library>
    <ipxact:name>designConfig_top_Utility_Vector_Logic_0</ipxact:name>
    <ipxact:version>1.0</ipxact:version>
    <ipxact:viewConfiguration>
        <ipxact:instanceName>Utility_Vector_Logic_6ddc6dac4579_Inst</ipxact:instanceName>
        <ipxact:view viewRef="Utility_Vector_Logic"/>
    </ipxact:viewConfiguration>
    <ipxact:vendorExtensions>
        <anlogic:displayname>Utility_Vector_Logic_1.0</anlogic:displayname>
        <anlogic:ipGenVersion>1.0</anlogic:ipGenVersion>
    </ipxact:vendorExtensions>
</ipxact:designConfiguration>
