<?xml version="1.0" encoding="UTF-8"?>
<ipxact:design xmlns:xsi="http://www.w3.org/2001/XMLSchema-instance" xmlns:ipxact="http://www.accellera.org/XMLSchema/IPXACT/1685-2014" xmlns:anlogic="http" xsi:schemaLocation="http://www.accellera.org/XMLSchema/IPXACT/1685-2014 http://www.accellera.org/XMLSchema/IPXACT/1685-2014/index.xsd">
    <ipxact:vendor>anlogic.com</ipxact:vendor>
    <ipxact:library>customized</ipxact:library>
    <ipxact:name>design_top_AXI_Protocol_Converter_0</ipxact:name>
    <ipxact:version>1.0</ipxact:version>
    <ipxact:componentInstances>
        <ipxact:componentInstance>
            <ipxact:instanceName>axi_protocol_converter_merge_809051ef0c07_Inst</ipxact:instanceName>
            <ipxact:componentRef vendor="anlogic.com" library="ip" name="AXI_Protocol_Converter" version="1.0"/>
            <ipxact:configurableElementValues>
                <ipxact:configurableElementValue referenceId="AL_US_AXI_PROTOCOL">0</ipxact:configurableElementValue>
                <ipxact:configurableElementValue referenceId="AL_DS_AXI_PROTOCOL">2</ipxact:configurableElementValue>
                <ipxact:configurableElementValue referenceId="protocol_us_num">&quot;AXI4&quot;</ipxact:configurableElementValue>
                <ipxact:configurableElementValue referenceId="protocol_ds_num">&quot;AXI4LITE&quot;</ipxact:configurableElementValue>
                <ipxact:configurableElementValue referenceId="us_axi_awlen_de">7</ipxact:configurableElementValue>
                <ipxact:configurableElementValue referenceId="us_axi_awlock_de">0</ipxact:configurableElementValue>
                <ipxact:configurableElementValue referenceId="ds_axi_awlen_de">7</ipxact:configurableElementValue>
                <ipxact:configurableElementValue referenceId="ds_axi_awlock_de">0</ipxact:configurableElementValue>
                <ipxact:configurableElementValue referenceId="AL_AXI_ID_WIDTH">12</ipxact:configurableElementValue>
                <ipxact:configurableElementValue referenceId="AL_AXI_ADDR_WIDTH">33</ipxact:configurableElementValue>
                <ipxact:configurableElementValue referenceId="AL_AXI_DATA_WIDTH">32</ipxact:configurableElementValue>
                <ipxact:configurableElementValue referenceId="AL_AXI_SUPPORTS_USER_SIGNALS">0</ipxact:configurableElementValue>
                <ipxact:configurableElementValue referenceId="axi3_de_us">0</ipxact:configurableElementValue>
                <ipxact:configurableElementValue referenceId="axi3_de_ds">0</ipxact:configurableElementValue>
                <ipxact:configurableElementValue referenceId="aximm_us">1</ipxact:configurableElementValue>
                <ipxact:configurableElementValue referenceId="aximm_ds">0</ipxact:configurableElementValue>
                <ipxact:configurableElementValue referenceId="axilite_de">0</ipxact:configurableElementValue>
                <ipxact:configurableElementValue referenceId="rw_mode_num">0</ipxact:configurableElementValue>
                <ipxact:configurableElementValue referenceId="READ_WRITE_Mode">&quot;READ_WRITE&quot;</ipxact:configurableElementValue>
                <ipxact:configurableElementValue referenceId="AL_AXI_SUPPORTS_WRITE">1</ipxact:configurableElementValue>
                <ipxact:configurableElementValue referenceId="AL_AXI_SUPPORTS_READ">1</ipxact:configurableElementValue>
            </ipxact:configurableElementValues>
        </ipxact:componentInstance>
    </ipxact:componentInstances>
    <ipxact:adHocConnections>
        <ipxact:adHocConnection>
            <ipxact:name>aclk</ipxact:name>
            <ipxact:portReferences>
                <ipxact:internalPortReference componentRef="axi_protocol_converter_merge_809051ef0c07_Inst" portRef="aclk"/>
                <ipxact:externalPortReference portRef="aclk"/>
            </ipxact:portReferences>
        </ipxact:adHocConnection>
        <ipxact:adHocConnection>
            <ipxact:name>aresetn</ipxact:name>
            <ipxact:portReferences>
                <ipxact:internalPortReference componentRef="axi_protocol_converter_merge_809051ef0c07_Inst" portRef="aresetn"/>
                <ipxact:externalPortReference portRef="aresetn"/>
            </ipxact:portReferences>
        </ipxact:adHocConnection>
        <ipxact:adHocConnection>
            <ipxact:name>us_axi_awid</ipxact:name>
            <ipxact:portReferences>
                <ipxact:internalPortReference componentRef="axi_protocol_converter_merge_809051ef0c07_Inst" portRef="us_axi_awid"/>
                <ipxact:externalPortReference portRef="us_axi_awid"/>
            </ipxact:portReferences>
        </ipxact:adHocConnection>
        <ipxact:adHocConnection>
            <ipxact:name>us_axi_awaddr</ipxact:name>
            <ipxact:portReferences>
                <ipxact:internalPortReference componentRef="axi_protocol_converter_merge_809051ef0c07_Inst" portRef="us_axi_awaddr"/>
                <ipxact:externalPortReference portRef="us_axi_awaddr"/>
            </ipxact:portReferences>
        </ipxact:adHocConnection>
        <ipxact:adHocConnection>
            <ipxact:name>us_axi_awlen</ipxact:name>
            <ipxact:portReferences>
                <ipxact:internalPortReference componentRef="axi_protocol_converter_merge_809051ef0c07_Inst" portRef="us_axi_awlen"/>
                <ipxact:externalPortReference portRef="us_axi_awlen"/>
            </ipxact:portReferences>
        </ipxact:adHocConnection>
        <ipxact:adHocConnection>
            <ipxact:name>us_axi_awsize</ipxact:name>
            <ipxact:portReferences>
                <ipxact:internalPortReference componentRef="axi_protocol_converter_merge_809051ef0c07_Inst" portRef="us_axi_awsize"/>
                <ipxact:externalPortReference portRef="us_axi_awsize"/>
            </ipxact:portReferences>
        </ipxact:adHocConnection>
        <ipxact:adHocConnection>
            <ipxact:name>us_axi_awburst</ipxact:name>
            <ipxact:portReferences>
                <ipxact:internalPortReference componentRef="axi_protocol_converter_merge_809051ef0c07_Inst" portRef="us_axi_awburst"/>
                <ipxact:externalPortReference portRef="us_axi_awburst"/>
            </ipxact:portReferences>
        </ipxact:adHocConnection>
        <ipxact:adHocConnection>
            <ipxact:name>us_axi_awlock</ipxact:name>
            <ipxact:portReferences>
                <ipxact:internalPortReference componentRef="axi_protocol_converter_merge_809051ef0c07_Inst" portRef="us_axi_awlock"/>
                <ipxact:externalPortReference portRef="us_axi_awlock"/>
            </ipxact:portReferences>
        </ipxact:adHocConnection>
        <ipxact:adHocConnection>
            <ipxact:name>us_axi_awcache</ipxact:name>
            <ipxact:portReferences>
                <ipxact:internalPortReference componentRef="axi_protocol_converter_merge_809051ef0c07_Inst" portRef="us_axi_awcache"/>
                <ipxact:externalPortReference portRef="us_axi_awcache"/>
            </ipxact:portReferences>
        </ipxact:adHocConnection>
        <ipxact:adHocConnection>
            <ipxact:name>us_axi_awprot</ipxact:name>
            <ipxact:portReferences>
                <ipxact:internalPortReference componentRef="axi_protocol_converter_merge_809051ef0c07_Inst" portRef="us_axi_awprot"/>
                <ipxact:externalPortReference portRef="us_axi_awprot"/>
            </ipxact:portReferences>
        </ipxact:adHocConnection>
        <ipxact:adHocConnection>
            <ipxact:name>us_axi_awqos</ipxact:name>
            <ipxact:portReferences>
                <ipxact:internalPortReference componentRef="axi_protocol_converter_merge_809051ef0c07_Inst" portRef="us_axi_awqos"/>
                <ipxact:externalPortReference portRef="us_axi_awqos"/>
            </ipxact:portReferences>
        </ipxact:adHocConnection>
        <ipxact:adHocConnection>
            <ipxact:name>us_axi_awuser</ipxact:name>
            <ipxact:portReferences>
                <ipxact:internalPortReference componentRef="axi_protocol_converter_merge_809051ef0c07_Inst" portRef="us_axi_awuser"/>
                <ipxact:externalPortReference portRef="us_axi_awuser"/>
            </ipxact:portReferences>
        </ipxact:adHocConnection>
        <ipxact:adHocConnection>
            <ipxact:name>us_axi_awvalid</ipxact:name>
            <ipxact:portReferences>
                <ipxact:internalPortReference componentRef="axi_protocol_converter_merge_809051ef0c07_Inst" portRef="us_axi_awvalid"/>
                <ipxact:externalPortReference portRef="us_axi_awvalid"/>
            </ipxact:portReferences>
        </ipxact:adHocConnection>
        <ipxact:adHocConnection>
            <ipxact:name>us_axi_awready</ipxact:name>
            <ipxact:portReferences>
                <ipxact:internalPortReference componentRef="axi_protocol_converter_merge_809051ef0c07_Inst" portRef="us_axi_awready"/>
                <ipxact:externalPortReference portRef="us_axi_awready"/>
            </ipxact:portReferences>
        </ipxact:adHocConnection>
        <ipxact:adHocConnection>
            <ipxact:name>us_axi_wdata</ipxact:name>
            <ipxact:portReferences>
                <ipxact:internalPortReference componentRef="axi_protocol_converter_merge_809051ef0c07_Inst" portRef="us_axi_wdata"/>
                <ipxact:externalPortReference portRef="us_axi_wdata"/>
            </ipxact:portReferences>
        </ipxact:adHocConnection>
        <ipxact:adHocConnection>
            <ipxact:name>us_axi_wstrb</ipxact:name>
            <ipxact:portReferences>
                <ipxact:internalPortReference componentRef="axi_protocol_converter_merge_809051ef0c07_Inst" portRef="us_axi_wstrb"/>
                <ipxact:externalPortReference portRef="us_axi_wstrb"/>
            </ipxact:portReferences>
        </ipxact:adHocConnection>
        <ipxact:adHocConnection>
            <ipxact:name>us_axi_wlast</ipxact:name>
            <ipxact:portReferences>
                <ipxact:internalPortReference componentRef="axi_protocol_converter_merge_809051ef0c07_Inst" portRef="us_axi_wlast"/>
                <ipxact:externalPortReference portRef="us_axi_wlast"/>
            </ipxact:portReferences>
        </ipxact:adHocConnection>
        <ipxact:adHocConnection>
            <ipxact:name>us_axi_wuser</ipxact:name>
            <ipxact:portReferences>
                <ipxact:internalPortReference componentRef="axi_protocol_converter_merge_809051ef0c07_Inst" portRef="us_axi_wuser"/>
                <ipxact:externalPortReference portRef="us_axi_wuser"/>
            </ipxact:portReferences>
        </ipxact:adHocConnection>
        <ipxact:adHocConnection>
            <ipxact:name>us_axi_wvalid</ipxact:name>
            <ipxact:portReferences>
                <ipxact:internalPortReference componentRef="axi_protocol_converter_merge_809051ef0c07_Inst" portRef="us_axi_wvalid"/>
                <ipxact:externalPortReference portRef="us_axi_wvalid"/>
            </ipxact:portReferences>
        </ipxact:adHocConnection>
        <ipxact:adHocConnection>
            <ipxact:name>us_axi_wready</ipxact:name>
            <ipxact:portReferences>
                <ipxact:internalPortReference componentRef="axi_protocol_converter_merge_809051ef0c07_Inst" portRef="us_axi_wready"/>
                <ipxact:externalPortReference portRef="us_axi_wready"/>
            </ipxact:portReferences>
        </ipxact:adHocConnection>
        <ipxact:adHocConnection>
            <ipxact:name>us_axi_bid</ipxact:name>
            <ipxact:portReferences>
                <ipxact:internalPortReference componentRef="axi_protocol_converter_merge_809051ef0c07_Inst" portRef="us_axi_bid"/>
                <ipxact:externalPortReference portRef="us_axi_bid"/>
            </ipxact:portReferences>
        </ipxact:adHocConnection>
        <ipxact:adHocConnection>
            <ipxact:name>us_axi_bresp</ipxact:name>
            <ipxact:portReferences>
                <ipxact:internalPortReference componentRef="axi_protocol_converter_merge_809051ef0c07_Inst" portRef="us_axi_bresp"/>
                <ipxact:externalPortReference portRef="us_axi_bresp"/>
            </ipxact:portReferences>
        </ipxact:adHocConnection>
        <ipxact:adHocConnection>
            <ipxact:name>us_axi_buser</ipxact:name>
            <ipxact:portReferences>
                <ipxact:internalPortReference componentRef="axi_protocol_converter_merge_809051ef0c07_Inst" portRef="us_axi_buser"/>
                <ipxact:externalPortReference portRef="us_axi_buser"/>
            </ipxact:portReferences>
        </ipxact:adHocConnection>
        <ipxact:adHocConnection>
            <ipxact:name>us_axi_bvalid</ipxact:name>
            <ipxact:portReferences>
                <ipxact:internalPortReference componentRef="axi_protocol_converter_merge_809051ef0c07_Inst" portRef="us_axi_bvalid"/>
                <ipxact:externalPortReference portRef="us_axi_bvalid"/>
            </ipxact:portReferences>
        </ipxact:adHocConnection>
        <ipxact:adHocConnection>
            <ipxact:name>us_axi_bready</ipxact:name>
            <ipxact:portReferences>
                <ipxact:internalPortReference componentRef="axi_protocol_converter_merge_809051ef0c07_Inst" portRef="us_axi_bready"/>
                <ipxact:externalPortReference portRef="us_axi_bready"/>
            </ipxact:portReferences>
        </ipxact:adHocConnection>
        <ipxact:adHocConnection>
            <ipxact:name>us_axi_arid</ipxact:name>
            <ipxact:portReferences>
                <ipxact:internalPortReference componentRef="axi_protocol_converter_merge_809051ef0c07_Inst" portRef="us_axi_arid"/>
                <ipxact:externalPortReference portRef="us_axi_arid"/>
            </ipxact:portReferences>
        </ipxact:adHocConnection>
        <ipxact:adHocConnection>
            <ipxact:name>us_axi_araddr</ipxact:name>
            <ipxact:portReferences>
                <ipxact:internalPortReference componentRef="axi_protocol_converter_merge_809051ef0c07_Inst" portRef="us_axi_araddr"/>
                <ipxact:externalPortReference portRef="us_axi_araddr"/>
            </ipxact:portReferences>
        </ipxact:adHocConnection>
        <ipxact:adHocConnection>
            <ipxact:name>us_axi_arlen</ipxact:name>
            <ipxact:portReferences>
                <ipxact:internalPortReference componentRef="axi_protocol_converter_merge_809051ef0c07_Inst" portRef="us_axi_arlen"/>
                <ipxact:externalPortReference portRef="us_axi_arlen"/>
            </ipxact:portReferences>
        </ipxact:adHocConnection>
        <ipxact:adHocConnection>
            <ipxact:name>us_axi_arsize</ipxact:name>
            <ipxact:portReferences>
                <ipxact:internalPortReference componentRef="axi_protocol_converter_merge_809051ef0c07_Inst" portRef="us_axi_arsize"/>
                <ipxact:externalPortReference portRef="us_axi_arsize"/>
            </ipxact:portReferences>
        </ipxact:adHocConnection>
        <ipxact:adHocConnection>
            <ipxact:name>us_axi_arburst</ipxact:name>
            <ipxact:portReferences>
                <ipxact:internalPortReference componentRef="axi_protocol_converter_merge_809051ef0c07_Inst" portRef="us_axi_arburst"/>
                <ipxact:externalPortReference portRef="us_axi_arburst"/>
            </ipxact:portReferences>
        </ipxact:adHocConnection>
        <ipxact:adHocConnection>
            <ipxact:name>us_axi_arlock</ipxact:name>
            <ipxact:portReferences>
                <ipxact:internalPortReference componentRef="axi_protocol_converter_merge_809051ef0c07_Inst" portRef="us_axi_arlock"/>
                <ipxact:externalPortReference portRef="us_axi_arlock"/>
            </ipxact:portReferences>
        </ipxact:adHocConnection>
        <ipxact:adHocConnection>
            <ipxact:name>us_axi_arcache</ipxact:name>
            <ipxact:portReferences>
                <ipxact:internalPortReference componentRef="axi_protocol_converter_merge_809051ef0c07_Inst" portRef="us_axi_arcache"/>
                <ipxact:externalPortReference portRef="us_axi_arcache"/>
            </ipxact:portReferences>
        </ipxact:adHocConnection>
        <ipxact:adHocConnection>
            <ipxact:name>us_axi_arprot</ipxact:name>
            <ipxact:portReferences>
                <ipxact:internalPortReference componentRef="axi_protocol_converter_merge_809051ef0c07_Inst" portRef="us_axi_arprot"/>
                <ipxact:externalPortReference portRef="us_axi_arprot"/>
            </ipxact:portReferences>
        </ipxact:adHocConnection>
        <ipxact:adHocConnection>
            <ipxact:name>us_axi_arqos</ipxact:name>
            <ipxact:portReferences>
                <ipxact:internalPortReference componentRef="axi_protocol_converter_merge_809051ef0c07_Inst" portRef="us_axi_arqos"/>
                <ipxact:externalPortReference portRef="us_axi_arqos"/>
            </ipxact:portReferences>
        </ipxact:adHocConnection>
        <ipxact:adHocConnection>
            <ipxact:name>us_axi_aruser</ipxact:name>
            <ipxact:portReferences>
                <ipxact:internalPortReference componentRef="axi_protocol_converter_merge_809051ef0c07_Inst" portRef="us_axi_aruser"/>
                <ipxact:externalPortReference portRef="us_axi_aruser"/>
            </ipxact:portReferences>
        </ipxact:adHocConnection>
        <ipxact:adHocConnection>
            <ipxact:name>us_axi_arvalid</ipxact:name>
            <ipxact:portReferences>
                <ipxact:internalPortReference componentRef="axi_protocol_converter_merge_809051ef0c07_Inst" portRef="us_axi_arvalid"/>
                <ipxact:externalPortReference portRef="us_axi_arvalid"/>
            </ipxact:portReferences>
        </ipxact:adHocConnection>
        <ipxact:adHocConnection>
            <ipxact:name>us_axi_arready</ipxact:name>
            <ipxact:portReferences>
                <ipxact:internalPortReference componentRef="axi_protocol_converter_merge_809051ef0c07_Inst" portRef="us_axi_arready"/>
                <ipxact:externalPortReference portRef="us_axi_arready"/>
            </ipxact:portReferences>
        </ipxact:adHocConnection>
        <ipxact:adHocConnection>
            <ipxact:name>us_axi_rid</ipxact:name>
            <ipxact:portReferences>
                <ipxact:internalPortReference componentRef="axi_protocol_converter_merge_809051ef0c07_Inst" portRef="us_axi_rid"/>
                <ipxact:externalPortReference portRef="us_axi_rid"/>
            </ipxact:portReferences>
        </ipxact:adHocConnection>
        <ipxact:adHocConnection>
            <ipxact:name>us_axi_rdata</ipxact:name>
            <ipxact:portReferences>
                <ipxact:internalPortReference componentRef="axi_protocol_converter_merge_809051ef0c07_Inst" portRef="us_axi_rdata"/>
                <ipxact:externalPortReference portRef="us_axi_rdata"/>
            </ipxact:portReferences>
        </ipxact:adHocConnection>
        <ipxact:adHocConnection>
            <ipxact:name>us_axi_rresp</ipxact:name>
            <ipxact:portReferences>
                <ipxact:internalPortReference componentRef="axi_protocol_converter_merge_809051ef0c07_Inst" portRef="us_axi_rresp"/>
                <ipxact:externalPortReference portRef="us_axi_rresp"/>
            </ipxact:portReferences>
        </ipxact:adHocConnection>
        <ipxact:adHocConnection>
            <ipxact:name>us_axi_rlast</ipxact:name>
            <ipxact:portReferences>
                <ipxact:internalPortReference componentRef="axi_protocol_converter_merge_809051ef0c07_Inst" portRef="us_axi_rlast"/>
                <ipxact:externalPortReference portRef="us_axi_rlast"/>
            </ipxact:portReferences>
        </ipxact:adHocConnection>
        <ipxact:adHocConnection>
            <ipxact:name>us_axi_ruser</ipxact:name>
            <ipxact:portReferences>
                <ipxact:internalPortReference componentRef="axi_protocol_converter_merge_809051ef0c07_Inst" portRef="us_axi_ruser"/>
                <ipxact:externalPortReference portRef="us_axi_ruser"/>
            </ipxact:portReferences>
        </ipxact:adHocConnection>
        <ipxact:adHocConnection>
            <ipxact:name>us_axi_rvalid</ipxact:name>
            <ipxact:portReferences>
                <ipxact:internalPortReference componentRef="axi_protocol_converter_merge_809051ef0c07_Inst" portRef="us_axi_rvalid"/>
                <ipxact:externalPortReference portRef="us_axi_rvalid"/>
            </ipxact:portReferences>
        </ipxact:adHocConnection>
        <ipxact:adHocConnection>
            <ipxact:name>us_axi_rready</ipxact:name>
            <ipxact:portReferences>
                <ipxact:internalPortReference componentRef="axi_protocol_converter_merge_809051ef0c07_Inst" portRef="us_axi_rready"/>
                <ipxact:externalPortReference portRef="us_axi_rready"/>
            </ipxact:portReferences>
        </ipxact:adHocConnection>
        <ipxact:adHocConnection>
            <ipxact:name>ds_axi_awaddr</ipxact:name>
            <ipxact:portReferences>
                <ipxact:internalPortReference componentRef="axi_protocol_converter_merge_809051ef0c07_Inst" portRef="ds_axi_awaddr"/>
                <ipxact:externalPortReference portRef="ds_axi_awaddr"/>
            </ipxact:portReferences>
        </ipxact:adHocConnection>
        <ipxact:adHocConnection>
            <ipxact:name>ds_axi_awprot</ipxact:name>
            <ipxact:portReferences>
                <ipxact:internalPortReference componentRef="axi_protocol_converter_merge_809051ef0c07_Inst" portRef="ds_axi_awprot"/>
                <ipxact:externalPortReference portRef="ds_axi_awprot"/>
            </ipxact:portReferences>
        </ipxact:adHocConnection>
        <ipxact:adHocConnection>
            <ipxact:name>ds_axi_awvalid</ipxact:name>
            <ipxact:portReferences>
                <ipxact:internalPortReference componentRef="axi_protocol_converter_merge_809051ef0c07_Inst" portRef="ds_axi_awvalid"/>
                <ipxact:externalPortReference portRef="ds_axi_awvalid"/>
            </ipxact:portReferences>
        </ipxact:adHocConnection>
        <ipxact:adHocConnection>
            <ipxact:name>ds_axi_awready</ipxact:name>
            <ipxact:portReferences>
                <ipxact:internalPortReference componentRef="axi_protocol_converter_merge_809051ef0c07_Inst" portRef="ds_axi_awready"/>
                <ipxact:externalPortReference portRef="ds_axi_awready"/>
            </ipxact:portReferences>
        </ipxact:adHocConnection>
        <ipxact:adHocConnection>
            <ipxact:name>ds_axi_wdata</ipxact:name>
            <ipxact:portReferences>
                <ipxact:internalPortReference componentRef="axi_protocol_converter_merge_809051ef0c07_Inst" portRef="ds_axi_wdata"/>
                <ipxact:externalPortReference portRef="ds_axi_wdata"/>
            </ipxact:portReferences>
        </ipxact:adHocConnection>
        <ipxact:adHocConnection>
            <ipxact:name>ds_axi_wstrb</ipxact:name>
            <ipxact:portReferences>
                <ipxact:internalPortReference componentRef="axi_protocol_converter_merge_809051ef0c07_Inst" portRef="ds_axi_wstrb"/>
                <ipxact:externalPortReference portRef="ds_axi_wstrb"/>
            </ipxact:portReferences>
        </ipxact:adHocConnection>
        <ipxact:adHocConnection>
            <ipxact:name>ds_axi_wvalid</ipxact:name>
            <ipxact:portReferences>
                <ipxact:internalPortReference componentRef="axi_protocol_converter_merge_809051ef0c07_Inst" portRef="ds_axi_wvalid"/>
                <ipxact:externalPortReference portRef="ds_axi_wvalid"/>
            </ipxact:portReferences>
        </ipxact:adHocConnection>
        <ipxact:adHocConnection>
            <ipxact:name>ds_axi_wready</ipxact:name>
            <ipxact:portReferences>
                <ipxact:internalPortReference componentRef="axi_protocol_converter_merge_809051ef0c07_Inst" portRef="ds_axi_wready"/>
                <ipxact:externalPortReference portRef="ds_axi_wready"/>
            </ipxact:portReferences>
        </ipxact:adHocConnection>
        <ipxact:adHocConnection>
            <ipxact:name>ds_axi_bresp</ipxact:name>
            <ipxact:portReferences>
                <ipxact:internalPortReference componentRef="axi_protocol_converter_merge_809051ef0c07_Inst" portRef="ds_axi_bresp"/>
                <ipxact:externalPortReference portRef="ds_axi_bresp"/>
            </ipxact:portReferences>
        </ipxact:adHocConnection>
        <ipxact:adHocConnection>
            <ipxact:name>ds_axi_bvalid</ipxact:name>
            <ipxact:portReferences>
                <ipxact:internalPortReference componentRef="axi_protocol_converter_merge_809051ef0c07_Inst" portRef="ds_axi_bvalid"/>
                <ipxact:externalPortReference portRef="ds_axi_bvalid"/>
            </ipxact:portReferences>
        </ipxact:adHocConnection>
        <ipxact:adHocConnection>
            <ipxact:name>ds_axi_bready</ipxact:name>
            <ipxact:portReferences>
                <ipxact:internalPortReference componentRef="axi_protocol_converter_merge_809051ef0c07_Inst" portRef="ds_axi_bready"/>
                <ipxact:externalPortReference portRef="ds_axi_bready"/>
            </ipxact:portReferences>
        </ipxact:adHocConnection>
        <ipxact:adHocConnection>
            <ipxact:name>ds_axi_araddr</ipxact:name>
            <ipxact:portReferences>
                <ipxact:internalPortReference componentRef="axi_protocol_converter_merge_809051ef0c07_Inst" portRef="ds_axi_araddr"/>
                <ipxact:externalPortReference portRef="ds_axi_araddr"/>
            </ipxact:portReferences>
        </ipxact:adHocConnection>
        <ipxact:adHocConnection>
            <ipxact:name>ds_axi_arprot</ipxact:name>
            <ipxact:portReferences>
                <ipxact:internalPortReference componentRef="axi_protocol_converter_merge_809051ef0c07_Inst" portRef="ds_axi_arprot"/>
                <ipxact:externalPortReference portRef="ds_axi_arprot"/>
            </ipxact:portReferences>
        </ipxact:adHocConnection>
        <ipxact:adHocConnection>
            <ipxact:name>ds_axi_arvalid</ipxact:name>
            <ipxact:portReferences>
                <ipxact:internalPortReference componentRef="axi_protocol_converter_merge_809051ef0c07_Inst" portRef="ds_axi_arvalid"/>
                <ipxact:externalPortReference portRef="ds_axi_arvalid"/>
            </ipxact:portReferences>
        </ipxact:adHocConnection>
        <ipxact:adHocConnection>
            <ipxact:name>ds_axi_arready</ipxact:name>
            <ipxact:portReferences>
                <ipxact:internalPortReference componentRef="axi_protocol_converter_merge_809051ef0c07_Inst" portRef="ds_axi_arready"/>
                <ipxact:externalPortReference portRef="ds_axi_arready"/>
            </ipxact:portReferences>
        </ipxact:adHocConnection>
        <ipxact:adHocConnection>
            <ipxact:name>ds_axi_rdata</ipxact:name>
            <ipxact:portReferences>
                <ipxact:internalPortReference componentRef="axi_protocol_converter_merge_809051ef0c07_Inst" portRef="ds_axi_rdata"/>
                <ipxact:externalPortReference portRef="ds_axi_rdata"/>
            </ipxact:portReferences>
        </ipxact:adHocConnection>
        <ipxact:adHocConnection>
            <ipxact:name>ds_axi_rresp</ipxact:name>
            <ipxact:portReferences>
                <ipxact:internalPortReference componentRef="axi_protocol_converter_merge_809051ef0c07_Inst" portRef="ds_axi_rresp"/>
                <ipxact:externalPortReference portRef="ds_axi_rresp"/>
            </ipxact:portReferences>
        </ipxact:adHocConnection>
        <ipxact:adHocConnection>
            <ipxact:name>ds_axi_rvalid</ipxact:name>
            <ipxact:portReferences>
                <ipxact:internalPortReference componentRef="axi_protocol_converter_merge_809051ef0c07_Inst" portRef="ds_axi_rvalid"/>
                <ipxact:externalPortReference portRef="ds_axi_rvalid"/>
            </ipxact:portReferences>
        </ipxact:adHocConnection>
        <ipxact:adHocConnection>
            <ipxact:name>ds_axi_rready</ipxact:name>
            <ipxact:portReferences>
                <ipxact:internalPortReference componentRef="axi_protocol_converter_merge_809051ef0c07_Inst" portRef="ds_axi_rready"/>
                <ipxact:externalPortReference portRef="ds_axi_rready"/>
            </ipxact:portReferences>
        </ipxact:adHocConnection>
    </ipxact:adHocConnections>
    <ipxact:vendorExtensions>
        <anlogic:device>DR1M90MEG484</anlogic:device>
        <anlogic:displayname>AXI_Protocol_Converter_1.0</anlogic:displayname>
        <anlogic:ipGenVersion>1.0</anlogic:ipGenVersion>
    </ipxact:vendorExtensions>
</ipxact:design>
