<?xml version="1.0" encoding="UTF-8"?>
<ipxact:design xmlns:xsi="http://www.w3.org/2001/XMLSchema-instance" xmlns:ipxact="http://www.accellera.org/XMLSchema/IPXACT/1685-2014" xmlns:anlogic="http" xsi:schemaLocation="http://www.accellera.org/XMLSchema/IPXACT/1685-2014 http://www.accellera.org/XMLSchema/IPXACT/1685-2014/index.xsd">
    <ipxact:vendor>anlogic.com</ipxact:vendor>
    <ipxact:library>customized</ipxact:library>
    <ipxact:name>design_top_Constant_1</ipxact:name>
    <ipxact:version>1.0</ipxact:version>
    <ipxact:componentInstances>
        <ipxact:componentInstance>
            <ipxact:instanceName>Constant_8575bc41006e_Inst</ipxact:instanceName>
            <ipxact:componentRef vendor="anlogic.com" library="ip" name="Constant" version="1.0"/>
            <ipxact:configurableElementValues>
                <ipxact:configurableElementValue referenceId="WIDTH">1</ipxact:configurableElementValue>
                <ipxact:configurableElementValue referenceId="OUT_MODE">1</ipxact:configurableElementValue>
            </ipxact:configurableElementValues>
        </ipxact:componentInstance>
    </ipxact:componentInstances>
    <ipxact:adHocConnections>
        <ipxact:adHocConnection>
            <ipxact:name>dout</ipxact:name>
            <ipxact:portReferences>
                <ipxact:internalPortReference componentRef="Constant_8575bc41006e_Inst" portRef="dout"/>
                <ipxact:externalPortReference portRef="dout"/>
            </ipxact:portReferences>
        </ipxact:adHocConnection>
    </ipxact:adHocConnections>
    <ipxact:vendorExtensions>
        <anlogic:device>DR1M90MEG484</anlogic:device>
        <anlogic:displayname>Constant_1.0</anlogic:displayname>
        <anlogic:ipGenVersion>1.0</anlogic:ipGenVersion>
    </ipxact:vendorExtensions>
</ipxact:design>
