<?xml version="1.0" encoding="UTF-8"?>
<ipxact:component xmlns:xsi="http://www.w3.org/2001/XMLSchema-instance" xmlns:ipxact="http://www.accellera.org/XMLSchema/IPXACT/1685-2014" xmlns:anlogic="http" xsi:schemaLocation="http://www.accellera.org/XMLSchema/IPXACT/1685-2014 http://www.accellera.org/XMLSchema/IPXACT/1685-2014/index.xsd">
    <ipxact:vendor>anlogic.com</ipxact:vendor>
    <ipxact:library>customized</ipxact:library>
    <ipxact:name>top_Constant_1</ipxact:name>
    <ipxact:version>1.0</ipxact:version>
    <ipxact:model>
        <ipxact:views>
            <ipxact:view>
                <ipxact:name>top_Constant_1_RTL</ipxact:name>
                <ipxact:componentInstantiationRef>top_Constant_1</ipxact:componentInstantiationRef>
                <ipxact:designInstantiationRef>design_top_Constant_1_Inst</ipxact:designInstantiationRef>
                <ipxact:designConfigurationInstantiationRef>designConfig_top_Constant_1_Inst</ipxact:designConfigurationInstantiationRef>
            </ipxact:view>
        </ipxact:views>
        <ipxact:instantiations>
            <ipxact:componentInstantiation>
                <ipxact:name>top_Constant_1</ipxact:name>
                <ipxact:language>verilog</ipxact:language>
                <ipxact:moduleName>top_Constant_1</ipxact:moduleName>
                <ipxact:fileSetRef>
                    <ipxact:localName>fs-top_Constant_1</ipxact:localName>
                </ipxact:fileSetRef>
            </ipxact:componentInstantiation>
            <ipxact:designInstantiation>
                <ipxact:name>design_top_Constant_1_Inst</ipxact:name>
                <ipxact:designRef vendor="anlogic.com" library="customized" name="design_top_Constant_1" version="1.0"/>
            </ipxact:designInstantiation>
            <ipxact:designConfigurationInstantiation>
                <ipxact:name>designConfig_top_Constant_1_Inst</ipxact:name>
                <ipxact:designConfigurationRef vendor="anlogic.com" library="customized" name="designConfig_top_Constant_1" version="1.0"/>
            </ipxact:designConfigurationInstantiation>
        </ipxact:instantiations>
        <ipxact:ports>
            <ipxact:port>
                <ipxact:name>dout</ipxact:name>
                <ipxact:displayName>dout</ipxact:displayName>
                <ipxact:wire>
                    <ipxact:direction>out</ipxact:direction>
                    <ipxact:vectors>
                        <ipxact:vector>
                            <ipxact:left>0</ipxact:left>
                            <ipxact:right>0</ipxact:right>
                        </ipxact:vector>
                    </ipxact:vectors>
                </ipxact:wire>
            </ipxact:port>
        </ipxact:ports>
    </ipxact:model>
    <ipxact:fileSets>
        <ipxact:fileSet>
            <ipxact:name>fs-top_Constant_1</ipxact:name>
            <ipxact:file>
                <ipxact:name>top_Constant_1.v</ipxact:name>
                <ipxact:fileType>verilogSource</ipxact:fileType>
            </ipxact:file>
            <ipxact:file>
                <ipxact:name>Constant_8575bc41006e.v</ipxact:name>
                <ipxact:fileType>verilogSource</ipxact:fileType>
            </ipxact:file>
        </ipxact:fileSet>
    </ipxact:fileSets>
    <ipxact:vendorExtensions>
        <anlogic:displayname>Constant_1.0</anlogic:displayname>
        <anlogic:ipGenVersion>1.0</anlogic:ipGenVersion>
    </ipxact:vendorExtensions>
</ipxact:component>
