<?xml version="1.0" encoding="UTF-8"?>
<ipxact:component xmlns:xsi="http" xmlns:ipxact="http" xmlns:anlogic="http" xsi:schemaLocation="http">
    <ipxact:vendor>anlogic.com</ipxact:vendor>
    <ipxact:library>customized</ipxact:library>
    <ipxact:name>top_vtc_0</ipxact:name>
    <ipxact:version>1.0</ipxact:version>
    <ipxact:model>
        <ipxact:instantiations>
            <ipxact:componentInstantiation>
                <ipxact:name>top_vtc_0</ipxact:name>
                <ipxact:language>verilog</ipxact:language>
                <ipxact:moduleName>top_vtc_0</ipxact:moduleName>
                <ipxact:fileSetRef>
                    <ipxact:localName>fs-top_vtc_0</ipxact:localName>
                </ipxact:fileSetRef>
            </ipxact:componentInstantiation>
        </ipxact:instantiations>
        <ipxact:ports>
            <ipxact:port>
                <ipxact:name>clk</ipxact:name>
                <ipxact:displayName>clk</ipxact:displayName>
                <ipxact:wire>
                    <ipxact:direction>in</ipxact:direction>
                </ipxact:wire>
            </ipxact:port>
            <ipxact:port>
                <ipxact:name>cken</ipxact:name>
                <ipxact:displayName>cken</ipxact:displayName>
                <ipxact:wire>
                    <ipxact:direction>in</ipxact:direction>
                </ipxact:wire>
            </ipxact:port>
            <ipxact:port>
                <ipxact:name>nrst</ipxact:name>
                <ipxact:displayName>nrst</ipxact:displayName>
                <ipxact:wire>
                    <ipxact:direction>in</ipxact:direction>
                </ipxact:wire>
            </ipxact:port>
            <ipxact:port>
                <ipxact:name>hsync</ipxact:name>
                <ipxact:displayName>hsync</ipxact:displayName>
                <ipxact:wire>
                    <ipxact:direction>out</ipxact:direction>
                </ipxact:wire>
            </ipxact:port>
            <ipxact:port>
                <ipxact:name>hblank</ipxact:name>
                <ipxact:displayName>hblank</ipxact:displayName>
                <ipxact:wire>
                    <ipxact:direction>out</ipxact:direction>
                </ipxact:wire>
            </ipxact:port>
            <ipxact:port>
                <ipxact:name>vsync</ipxact:name>
                <ipxact:displayName>vsync</ipxact:displayName>
                <ipxact:wire>
                    <ipxact:direction>out</ipxact:direction>
                </ipxact:wire>
            </ipxact:port>
            <ipxact:port>
                <ipxact:name>vblank</ipxact:name>
                <ipxact:displayName>vblank</ipxact:displayName>
                <ipxact:wire>
                    <ipxact:direction>out</ipxact:direction>
                </ipxact:wire>
            </ipxact:port>
            <ipxact:port>
                <ipxact:name>active</ipxact:name>
                <ipxact:displayName>active</ipxact:displayName>
                <ipxact:wire>
                    <ipxact:direction>out</ipxact:direction>
                </ipxact:wire>
            </ipxact:port>
        </ipxact:ports>
    </ipxact:model>
    <ipxact:fileSets>
        <ipxact:fileSet>
            <ipxact:name>fs-top_vtc_0</ipxact:name>
            <ipxact:file>
                <ipxact:name>top_vtc_0.v</ipxact:name>
                <ipxact:fileType>verilogSource</ipxact:fileType>
            </ipxact:file>
        </ipxact:fileSet>
    </ipxact:fileSets>
</ipxact:component>
