<?xml version="1.0" encoding="UTF-8"?>
<ipxact:component xmlns:xsi="http" xmlns:ipxact="http" xmlns:anlogic="http" xsi:schemaLocation="http">
    <ipxact:vendor>anlogic.com</ipxact:vendor>
    <ipxact:library>customized</ipxact:library>
    <ipxact:name>top_dvi_tx_top_0</ipxact:name>
    <ipxact:version>1.0</ipxact:version>
    <ipxact:model>
        <ipxact:instantiations>
            <ipxact:componentInstantiation>
                <ipxact:name>top_dvi_tx_top_0</ipxact:name>
                <ipxact:language>verilog</ipxact:language>
                <ipxact:moduleName>top_dvi_tx_top_0</ipxact:moduleName>
                <ipxact:fileSetRef>
                    <ipxact:localName>fs-top_dvi_tx_top_0</ipxact:localName>
                </ipxact:fileSetRef>
            </ipxact:componentInstantiation>
        </ipxact:instantiations>
        <ipxact:ports>
            <ipxact:port>
                <ipxact:name>pixel_clock</ipxact:name>
                <ipxact:displayName>pixel_clock</ipxact:displayName>
                <ipxact:wire>
                    <ipxact:direction>in</ipxact:direction>
                </ipxact:wire>
            </ipxact:port>
            <ipxact:port>
                <ipxact:name>ddr_bit_clock</ipxact:name>
                <ipxact:displayName>ddr_bit_clock</ipxact:displayName>
                <ipxact:wire>
                    <ipxact:direction>in</ipxact:direction>
                </ipxact:wire>
            </ipxact:port>
            <ipxact:port>
                <ipxact:name>reset</ipxact:name>
                <ipxact:displayName>reset</ipxact:displayName>
                <ipxact:wire>
                    <ipxact:direction>in</ipxact:direction>
                </ipxact:wire>
            </ipxact:port>
            <ipxact:port>
                <ipxact:name>den</ipxact:name>
                <ipxact:displayName>den</ipxact:displayName>
                <ipxact:wire>
                    <ipxact:direction>in</ipxact:direction>
                </ipxact:wire>
            </ipxact:port>
            <ipxact:port>
                <ipxact:name>hsync</ipxact:name>
                <ipxact:displayName>hsync</ipxact:displayName>
                <ipxact:wire>
                    <ipxact:direction>in</ipxact:direction>
                </ipxact:wire>
            </ipxact:port>
            <ipxact:port>
                <ipxact:name>vsync</ipxact:name>
                <ipxact:displayName>vsync</ipxact:displayName>
                <ipxact:wire>
                    <ipxact:direction>in</ipxact:direction>
                </ipxact:wire>
            </ipxact:port>
            <ipxact:port>
                <ipxact:name>pixel_data</ipxact:name>
                <ipxact:displayName>pixel_data</ipxact:displayName>
                <ipxact:wire>
                    <ipxact:direction>in</ipxact:direction>
                    <ipxact:vectors>
                        <ipxact:vector>
                            <ipxact:left>23</ipxact:left>
                            <ipxact:right>0</ipxact:right>
                        </ipxact:vector>
                    </ipxact:vectors>
                </ipxact:wire>
            </ipxact:port>
            <ipxact:port>
                <ipxact:name>tmds_clk_p</ipxact:name>
                <ipxact:displayName>tmds_clk_p</ipxact:displayName>
                <ipxact:wire>
                    <ipxact:direction>out</ipxact:direction>
                </ipxact:wire>
            </ipxact:port>
            <ipxact:port>
                <ipxact:name>tmds_d_p</ipxact:name>
                <ipxact:displayName>tmds_d_p</ipxact:displayName>
                <ipxact:wire>
                    <ipxact:direction>out</ipxact:direction>
                    <ipxact:vectors>
                        <ipxact:vector>
                            <ipxact:left>2</ipxact:left>
                            <ipxact:right>0</ipxact:right>
                        </ipxact:vector>
                    </ipxact:vectors>
                </ipxact:wire>
            </ipxact:port>
        </ipxact:ports>
    </ipxact:model>
    <ipxact:fileSets>
        <ipxact:fileSet>
            <ipxact:name>fs-top_dvi_tx_top_0</ipxact:name>
            <ipxact:file>
                <ipxact:name>top_dvi_tx_top_0.v</ipxact:name>
                <ipxact:fileType>verilogSource</ipxact:fileType>
            </ipxact:file>
        </ipxact:fileSet>
    </ipxact:fileSets>
</ipxact:component>
