<?xml version="1.0" encoding="UTF-8"?>
<ipxact:address xmlns:xsi="http" xmlns:ipxact="http" xmlns:anlogic="http" xsi:schemaLocation="http">
    <ipxact:addressSources>
        <ipxact:addressSource type="inst">
            <ipxact:name>ARM Processor System</ipxact:name>
            <ipxact:displayName>ARM_Processor_System_0</ipxact:displayName>
            <ipxact:interfaceName>M_AXI_GP0</ipxact:interfaceName>
            <ipxact:baseAddress>0x80000000</ipxact:baseAddress>
            <ipxact:addressDests>
                <ipxact:addressDest type="inst">
                    <ipxact:name>AXI Protocol Converter</ipxact:name>
                    <ipxact:displayName>AXI_Protocol_Converter_0</ipxact:displayName>
                    <ipxact:interfaceName>US_AXI</ipxact:interfaceName>
                    <ipxact:slaveSegName>reg</ipxact:slaveSegName>
                    <ipxact:baseAddress>0x80000000</ipxact:baseAddress>
                    <ipxact:highAddress>0x9FFFFFFF</ipxact:highAddress>
                </ipxact:addressDest>
            </ipxact:addressDests>
        </ipxact:addressSource>
        <ipxact:addressSource type="inst">
            <ipxact:name>VDMA</ipxact:name>
            <ipxact:displayName>VDMA_0</ipxact:displayName>
            <ipxact:interfaceName>M_AXIS_MM2S</ipxact:interfaceName>
            <ipxact:baseAddress>0x00000000</ipxact:baseAddress>
            <ipxact:addressDests>
                <ipxact:addressDest type="inst">
                    <ipxact:name>AXI4 Stream to Video Out</ipxact:name>
                    <ipxact:displayName>AXI4_Stream_to_Video_Out_0</ipxact:displayName>
                    <ipxact:interfaceName>AXIS_Video_In</ipxact:interfaceName>
                    <ipxact:slaveSegName>reg</ipxact:slaveSegName>
                    <ipxact:baseAddress>0x00000000</ipxact:baseAddress>
                    <ipxact:highAddress>0xFFFFFFFFFFFFFFFF</ipxact:highAddress>
                </ipxact:addressDest>
            </ipxact:addressDests>
        </ipxact:addressSource>
        <ipxact:addressSource type="inst">
            <ipxact:name>VDMA</ipxact:name>
            <ipxact:displayName>VDMA_0</ipxact:displayName>
            <ipxact:interfaceName>M_AXI_MM2S</ipxact:interfaceName>
            <ipxact:baseAddress>0x00000000</ipxact:baseAddress>
            <ipxact:addressDests>
                <ipxact:addressDest type="inst">
                    <ipxact:name>ARM Processor System</ipxact:name>
                    <ipxact:displayName>ARM_Processor_System_0</ipxact:displayName>
                    <ipxact:interfaceName>S_AXI_HP0</ipxact:interfaceName>
                    <ipxact:slaveSegName>seg0</ipxact:slaveSegName>
                    <ipxact:baseAddress>0x0000000000000000</ipxact:baseAddress>
                    <ipxact:highAddress>0x000000001FFFFFFF</ipxact:highAddress>
                </ipxact:addressDest>
            </ipxact:addressDests>
        </ipxact:addressSource>
        <ipxact:addressSource type="inst">
            <ipxact:name>VDMA</ipxact:name>
            <ipxact:displayName>VDMA_0</ipxact:displayName>
            <ipxact:interfaceName>M_AXI_S2MM</ipxact:interfaceName>
            <ipxact:baseAddress>0x00000000</ipxact:baseAddress>
            <ipxact:addressDests>
                <ipxact:addressDest type="inst">
                    <ipxact:name>ARM Processor System</ipxact:name>
                    <ipxact:displayName>ARM_Processor_System_0</ipxact:displayName>
                    <ipxact:interfaceName>S_AXI_HP0</ipxact:interfaceName>
                    <ipxact:slaveSegName>seg0</ipxact:slaveSegName>
                    <ipxact:baseAddress>0x0000000000000000</ipxact:baseAddress>
                    <ipxact:highAddress>0x000000001FFFFFFF</ipxact:highAddress>
                </ipxact:addressDest>
            </ipxact:addressDests>
        </ipxact:addressSource>
    </ipxact:addressSources>
</ipxact:address>
