<?xml version="1.0" encoding="UTF-8"?>
<ipxact:root xmlns:xsi="http" xmlns:ipxact="http" xmlns:anlogic="http" xsi:schemaLocation="http">
    <ipxact:compositeFile compositeFileTopName="top">
        <ipxact:fileCollection>
            <ipxact:file name="ip/top_ARM_Processor_System_0/top_ARM_Processor_System_0.xml">
                <ipxact:instanceName>ARM_Processor_System_0</ipxact:instanceName>
                <ipxact:customTool>use_ps</ipxact:customTool>
            </ipxact:file>
            <ipxact:file name="ip/top_VDMA_0/top_VDMA_0.xml">
                <ipxact:instanceName>VDMA_0</ipxact:instanceName>
            </ipxact:file>
            <ipxact:file name="ip/top_PLL_0/top_PLL_0.xml">
                <ipxact:instanceName>PLL_0</ipxact:instanceName>
            </ipxact:file>
            <ipxact:file name="ip/top_Processor_System_Reset_0/top_Processor_System_Reset_0.xml">
                <ipxact:instanceName>Processor_System_Reset_0</ipxact:instanceName>
            </ipxact:file>
            <ipxact:file name="ip/top_Concat_0/top_Concat_0.xml">
                <ipxact:instanceName>Concat_0</ipxact:instanceName>
            </ipxact:file>
            <ipxact:file name="ip/top_AXI_Protocol_Converter_0/top_AXI_Protocol_Converter_0.xml">
                <ipxact:instanceName>AXI_Protocol_Converter_0</ipxact:instanceName>
            </ipxact:file>
            <ipxact:file name="ip/top_Constant_0/top_Constant_0.xml">
                <ipxact:instanceName>Constant_0</ipxact:instanceName>
            </ipxact:file>
            <ipxact:file name="ip/top_Utility_Vector_Logic_0/top_Utility_Vector_Logic_0.xml">
                <ipxact:instanceName>Utility_Vector_Logic_0</ipxact:instanceName>
            </ipxact:file>
            <ipxact:file name="ip/top_AXI_Matrix_0/top_AXI_Matrix_0.xml">
                <ipxact:instanceName>AXI_Matrix_0</ipxact:instanceName>
            </ipxact:file>
            <ipxact:file name="ip/top_AXI4_Stream_to_Video_Out_0/top_AXI4_Stream_to_Video_Out_0.xml">
                <ipxact:instanceName>AXI4_Stream_to_Video_Out_0</ipxact:instanceName>
            </ipxact:file>
            <ipxact:file name="ip/top_dvi_tx_top_0/top_dvi_tx_top_0.xml">
                <ipxact:instanceName>dvi_tx_top_0</ipxact:instanceName>
                <ipxact:ipPath>F:/Anlogic_DR1_All/all_2024p10_TDFD_SOC/soc_hdmi/dvi-tx/dvi_tx_top.v</ipxact:ipPath>
                <ipxact:customTool>use_rtl</ipxact:customTool>
            </ipxact:file>
            <ipxact:file name="ip/top_vtc_0/top_vtc_0.xml">
                <ipxact:instanceName>vtc_0</ipxact:instanceName>
                <ipxact:ipPath>F:/Anlogic_DR1_All/all_2024p10_TDFD_SOC/soc_hdmi/vtc.v</ipxact:ipPath>
                <ipxact:customTool>use_rtl</ipxact:customTool>
            </ipxact:file>
            <ipxact:file name="ip/top_Constant_1/top_Constant_1.xml">
                <ipxact:instanceName>Constant_1</ipxact:instanceName>
            </ipxact:file>
        </ipxact:fileCollection>
    </ipxact:compositeFile>
</ipxact:root>
