<?xml version='1.0' encoding='UTF-8'?>
<ipxact:component xmlns:ipxact="http" xmlns:xsi="http" xmlns:anlogic="http" xsi:schemaLocation="http">
    <ipxact:vendor>anlogic.com</ipxact:vendor>
    <ipxact:library>customized</ipxact:library>
    <ipxact:name>top</ipxact:name>
    <ipxact:version>1.0</ipxact:version>
    <ipxact:busInterfaces/>
    <ipxact:model>
        <ipxact:instantiations>
            <ipxact:componentInstantiation>
                <ipxact:name>top</ipxact:name>
                <ipxact:language>verilog</ipxact:language>
                <ipxact:moduleName>top</ipxact:moduleName>
                <ipxact:fileSetRef>
                    <ipxact:localName>fs-top</ipxact:localName>
                </ipxact:fileSetRef>
            </ipxact:componentInstantiation>
            <ipxact:designInstantiation>
                <ipxact:name>design_top_Inst</ipxact:name>
                <ipxact:designRef name="design_top" library="customized" version="1.0" vendor="anlogic.com"/>
            </ipxact:designInstantiation>
        </ipxact:instantiations>
        <ipxact:ports>
            <ipxact:port>
                <ipxact:name>i2c0_sda_oe</ipxact:name>
                <ipxact:displayName>i2c0_sda_oe</ipxact:displayName>
                <ipxact:wire>
                    <ipxact:direction>out</ipxact:direction>
                </ipxact:wire>
            </ipxact:port>
            <ipxact:port>
                <ipxact:name>uart0_tx_out</ipxact:name>
                <ipxact:displayName>uart0_tx_out</ipxact:displayName>
                <ipxact:wire>
                    <ipxact:direction>out</ipxact:direction>
                </ipxact:wire>
            </ipxact:port>
            <ipxact:port>
                <ipxact:name>i2c0_scl_oe</ipxact:name>
                <ipxact:displayName>i2c0_scl_oe</ipxact:displayName>
                <ipxact:wire>
                    <ipxact:direction>out</ipxact:direction>
                </ipxact:wire>
            </ipxact:port>
            <ipxact:port>
                <ipxact:name>uart0_rx_in</ipxact:name>
                <ipxact:displayName>uart0_rx_in</ipxact:displayName>
                <ipxact:wire>
                    <ipxact:direction>in</ipxact:direction>
                </ipxact:wire>
            </ipxact:port>
            <ipxact:port>
                <ipxact:name>i2c0_scl_in</ipxact:name>
                <ipxact:displayName>i2c0_scl_in</ipxact:displayName>
                <ipxact:wire>
                    <ipxact:direction>in</ipxact:direction>
                </ipxact:wire>
            </ipxact:port>
            <ipxact:port>
                <ipxact:name>i2c0_sda_in</ipxact:name>
                <ipxact:displayName>i2c0_sda_in</ipxact:displayName>
                <ipxact:wire>
                    <ipxact:direction>in</ipxact:direction>
                </ipxact:wire>
            </ipxact:port>
            <ipxact:port>
                <ipxact:name>tmds_clk_p</ipxact:name>
                <ipxact:displayName>tmds_clk_p</ipxact:displayName>
                <ipxact:wire>
                    <ipxact:direction>out</ipxact:direction>
                </ipxact:wire>
            </ipxact:port>
            <ipxact:port>
                <ipxact:name>tmds_d_p</ipxact:name>
                <ipxact:displayName>tmds_d_p</ipxact:displayName>
                <ipxact:wire>
                    <ipxact:direction>out</ipxact:direction>
                    <ipxact:vectors>
                        <ipxact:vector>
                            <ipxact:left>2</ipxact:left>
                            <ipxact:right>0</ipxact:right>
                        </ipxact:vector>
                    </ipxact:vectors>
                </ipxact:wire>
            </ipxact:port>
        </ipxact:ports>
    </ipxact:model>
    <ipxact:fileSets>
        <ipxact:fileSet>
            <ipxact:name>fs-top</ipxact:name>
            <ipxact:file>
                <ipxact:name>hdl/top.v</ipxact:name>
                <ipxact:fileType>verilogSource</ipxact:fileType>
            </ipxact:file>
            <ipxact:file>
                <ipxact:name>Design.xml</ipxact:name>
                <ipxact:fileType>user</ipxact:fileType>
            </ipxact:file>
            <ipxact:file>
                <ipxact:name>ui/top.ui.xml</ipxact:name>
                <ipxact:fileType>user</ipxact:fileType>
            </ipxact:file>
            <ipxact:file>
                <ipxact:name>ip/top_ARM_Processor_System_0/ARM_Processor_System_2264ff21e409.v</ipxact:name>
                <ipxact:fileType>verilogSource</ipxact:fileType>
            </ipxact:file>
            <ipxact:file>
                <ipxact:name>ip/top_ARM_Processor_System_0/top_ARM_Processor_System_0.v</ipxact:name>
                <ipxact:fileType>verilogSource</ipxact:fileType>
            </ipxact:file>
            <ipxact:file>
                <ipxact:name>ip/top_ARM_Processor_System_0/.m_params_top_ARM_Processor_System_0.txt</ipxact:name>
                <ipxact:fileType>user</ipxact:fileType>
            </ipxact:file>
            <ipxact:file>
                <ipxact:name>ip/top_ARM_Processor_System_0/.ports_top_ARM_Processor_System_0.txt</ipxact:name>
                <ipxact:fileType>user</ipxact:fileType>
            </ipxact:file>
            <ipxact:file>
                <ipxact:name>ip/top_ARM_Processor_System_0/Design.xml</ipxact:name>
                <ipxact:fileType>user</ipxact:fileType>
            </ipxact:file>
            <ipxact:file>
                <ipxact:name>ip/top_ARM_Processor_System_0/DesignConfiguration.xml</ipxact:name>
                <ipxact:fileType>user</ipxact:fileType>
            </ipxact:file>
            <ipxact:file>
                <ipxact:name>ip/top_ARM_Processor_System_0/DesignTmp.xml</ipxact:name>
                <ipxact:fileType>user</ipxact:fileType>
            </ipxact:file>
            <ipxact:file>
                <ipxact:name>ip/top_ARM_Processor_System_0/GuiFinal.xml</ipxact:name>
                <ipxact:fileType>user</ipxact:fileType>
            </ipxact:file>
            <ipxact:file>
                <ipxact:name>ip/top_ARM_Processor_System_0/top_ARM_Processor_System_0.xml</ipxact:name>
                <ipxact:fileType>user</ipxact:fileType>
            </ipxact:file>
            <ipxact:file>
                <ipxact:name>ip/top_VDMA_0/VDMA_ddef9dfff8f4.v</ipxact:name>
                <ipxact:fileType>verilogSource</ipxact:fileType>
            </ipxact:file>
            <ipxact:file>
                <ipxact:name>ip/top_VDMA_0/alc_axi_vdma_param.vh</ipxact:name>
                <ipxact:fileType>unknown</ipxact:fileType>
            </ipxact:file>
            <ipxact:file>
                <ipxact:name>ip/top_VDMA_0/alc_axi_vdma_pkg.vh</ipxact:name>
                <ipxact:fileType>unknown</ipxact:fileType>
            </ipxact:file>
            <ipxact:file>
                <ipxact:name>ip/top_VDMA_0/top_VDMA_0.v</ipxact:name>
                <ipxact:fileType>verilogSource</ipxact:fileType>
            </ipxact:file>
            <ipxact:file>
                <ipxact:name>ip/top_VDMA_0/.m_params_top_VDMA_0.txt</ipxact:name>
                <ipxact:fileType>user</ipxact:fileType>
            </ipxact:file>
            <ipxact:file>
                <ipxact:name>ip/top_VDMA_0/.params_top_VDMA_0.txt</ipxact:name>
                <ipxact:fileType>user</ipxact:fileType>
            </ipxact:file>
            <ipxact:file>
                <ipxact:name>ip/top_VDMA_0/.ports_top_VDMA_0.txt</ipxact:name>
                <ipxact:fileType>user</ipxact:fileType>
            </ipxact:file>
            <ipxact:file>
                <ipxact:name>ip/top_VDMA_0/Design.xml</ipxact:name>
                <ipxact:fileType>user</ipxact:fileType>
            </ipxact:file>
            <ipxact:file>
                <ipxact:name>ip/top_VDMA_0/DesignConfiguration.xml</ipxact:name>
                <ipxact:fileType>user</ipxact:fileType>
            </ipxact:file>
            <ipxact:file>
                <ipxact:name>ip/top_VDMA_0/top_VDMA_0.xml</ipxact:name>
                <ipxact:fileType>user</ipxact:fileType>
            </ipxact:file>
            <ipxact:file>
                <ipxact:name>ip/top_PLL_0/dr1_phy_pll_2a92cb900972.v</ipxact:name>
                <ipxact:fileType>verilogSource</ipxact:fileType>
            </ipxact:file>
            <ipxact:file>
                <ipxact:name>ip/top_PLL_0/top_PLL_0.v</ipxact:name>
                <ipxact:fileType>verilogSource</ipxact:fileType>
            </ipxact:file>
            <ipxact:file>
                <ipxact:name>ip/top_PLL_0/.m_params_top_PLL_0.txt</ipxact:name>
                <ipxact:fileType>user</ipxact:fileType>
            </ipxact:file>
            <ipxact:file>
                <ipxact:name>ip/top_PLL_0/.params_top_PLL_0.txt</ipxact:name>
                <ipxact:fileType>user</ipxact:fileType>
            </ipxact:file>
            <ipxact:file>
                <ipxact:name>ip/top_PLL_0/.ports_top_PLL_0.txt</ipxact:name>
                <ipxact:fileType>user</ipxact:fileType>
            </ipxact:file>
            <ipxact:file>
                <ipxact:name>ip/top_PLL_0/Design.xml</ipxact:name>
                <ipxact:fileType>user</ipxact:fileType>
            </ipxact:file>
            <ipxact:file>
                <ipxact:name>ip/top_PLL_0/DesignConfiguration.xml</ipxact:name>
                <ipxact:fileType>user</ipxact:fileType>
            </ipxact:file>
            <ipxact:file>
                <ipxact:name>ip/top_PLL_0/top_PLL_0.xml</ipxact:name>
                <ipxact:fileType>user</ipxact:fileType>
            </ipxact:file>
            <ipxact:file>
                <ipxact:name>ip/top_Processor_System_Reset_0/proc_sys_reset_2379aa2963a6.v</ipxact:name>
                <ipxact:fileType>verilogSource</ipxact:fileType>
            </ipxact:file>
            <ipxact:file>
                <ipxact:name>ip/top_Processor_System_Reset_0/top_Processor_System_Reset_0.v</ipxact:name>
                <ipxact:fileType>verilogSource</ipxact:fileType>
            </ipxact:file>
            <ipxact:file>
                <ipxact:name>ip/top_Processor_System_Reset_0/.m_params_top_Processor_System_Reset_0.txt</ipxact:name>
                <ipxact:fileType>user</ipxact:fileType>
            </ipxact:file>
            <ipxact:file>
                <ipxact:name>ip/top_Processor_System_Reset_0/.params_top_Processor_System_Reset_0.txt</ipxact:name>
                <ipxact:fileType>user</ipxact:fileType>
            </ipxact:file>
            <ipxact:file>
                <ipxact:name>ip/top_Processor_System_Reset_0/.ports_top_Processor_System_Reset_0.txt</ipxact:name>
                <ipxact:fileType>user</ipxact:fileType>
            </ipxact:file>
            <ipxact:file>
                <ipxact:name>ip/top_Processor_System_Reset_0/Design.xml</ipxact:name>
                <ipxact:fileType>user</ipxact:fileType>
            </ipxact:file>
            <ipxact:file>
                <ipxact:name>ip/top_Processor_System_Reset_0/DesignConfiguration.xml</ipxact:name>
                <ipxact:fileType>user</ipxact:fileType>
            </ipxact:file>
            <ipxact:file>
                <ipxact:name>ip/top_Processor_System_Reset_0/top_Processor_System_Reset_0.xml</ipxact:name>
                <ipxact:fileType>user</ipxact:fileType>
            </ipxact:file>
            <ipxact:file>
                <ipxact:name>ip/top_Concat_0/Concat_05b844f06b47.v</ipxact:name>
                <ipxact:fileType>verilogSource</ipxact:fileType>
            </ipxact:file>
            <ipxact:file>
                <ipxact:name>ip/top_Concat_0/top_Concat_0.v</ipxact:name>
                <ipxact:fileType>verilogSource</ipxact:fileType>
            </ipxact:file>
            <ipxact:file>
                <ipxact:name>ip/top_Concat_0/.m_params_top_Concat_0.txt</ipxact:name>
                <ipxact:fileType>user</ipxact:fileType>
            </ipxact:file>
            <ipxact:file>
                <ipxact:name>ip/top_Concat_0/.params_top_Concat_0.txt</ipxact:name>
                <ipxact:fileType>user</ipxact:fileType>
            </ipxact:file>
            <ipxact:file>
                <ipxact:name>ip/top_Concat_0/.ports_top_Concat_0.txt</ipxact:name>
                <ipxact:fileType>user</ipxact:fileType>
            </ipxact:file>
            <ipxact:file>
                <ipxact:name>ip/top_Concat_0/Design.xml</ipxact:name>
                <ipxact:fileType>user</ipxact:fileType>
            </ipxact:file>
            <ipxact:file>
                <ipxact:name>ip/top_Concat_0/DesignConfiguration.xml</ipxact:name>
                <ipxact:fileType>user</ipxact:fileType>
            </ipxact:file>
            <ipxact:file>
                <ipxact:name>ip/top_Concat_0/top_Concat_0.xml</ipxact:name>
                <ipxact:fileType>user</ipxact:fileType>
            </ipxact:file>
            <ipxact:file>
                <ipxact:name>ip/top_AXI_Protocol_Converter_0/axi_protocol_converter_merge_809051ef0c07.v</ipxact:name>
                <ipxact:fileType>verilogSource</ipxact:fileType>
            </ipxact:file>
            <ipxact:file>
                <ipxact:name>ip/top_AXI_Protocol_Converter_0/top_AXI_Protocol_Converter_0.v</ipxact:name>
                <ipxact:fileType>verilogSource</ipxact:fileType>
            </ipxact:file>
            <ipxact:file>
                <ipxact:name>ip/top_AXI_Protocol_Converter_0/.m_params_top_AXI_Protocol_Converter_0.txt</ipxact:name>
                <ipxact:fileType>user</ipxact:fileType>
            </ipxact:file>
            <ipxact:file>
                <ipxact:name>ip/top_AXI_Protocol_Converter_0/.params_top_AXI_Protocol_Converter_0.txt</ipxact:name>
                <ipxact:fileType>user</ipxact:fileType>
            </ipxact:file>
            <ipxact:file>
                <ipxact:name>ip/top_AXI_Protocol_Converter_0/.ports_top_AXI_Protocol_Converter_0.txt</ipxact:name>
                <ipxact:fileType>user</ipxact:fileType>
            </ipxact:file>
            <ipxact:file>
                <ipxact:name>ip/top_AXI_Protocol_Converter_0/Design.xml</ipxact:name>
                <ipxact:fileType>user</ipxact:fileType>
            </ipxact:file>
            <ipxact:file>
                <ipxact:name>ip/top_AXI_Protocol_Converter_0/DesignConfiguration.xml</ipxact:name>
                <ipxact:fileType>user</ipxact:fileType>
            </ipxact:file>
            <ipxact:file>
                <ipxact:name>ip/top_AXI_Protocol_Converter_0/top_AXI_Protocol_Converter_0.xml</ipxact:name>
                <ipxact:fileType>user</ipxact:fileType>
            </ipxact:file>
            <ipxact:file>
                <ipxact:name>ip/top_Constant_0/Constant_58c6f3e1c759.v</ipxact:name>
                <ipxact:fileType>verilogSource</ipxact:fileType>
            </ipxact:file>
            <ipxact:file>
                <ipxact:name>ip/top_Constant_0/top_Constant_0.v</ipxact:name>
                <ipxact:fileType>verilogSource</ipxact:fileType>
            </ipxact:file>
            <ipxact:file>
                <ipxact:name>ip/top_Constant_0/.m_params_top_Constant_0.txt</ipxact:name>
                <ipxact:fileType>user</ipxact:fileType>
            </ipxact:file>
            <ipxact:file>
                <ipxact:name>ip/top_Constant_0/.params_top_Constant_0.txt</ipxact:name>
                <ipxact:fileType>user</ipxact:fileType>
            </ipxact:file>
            <ipxact:file>
                <ipxact:name>ip/top_Constant_0/.ports_top_Constant_0.txt</ipxact:name>
                <ipxact:fileType>user</ipxact:fileType>
            </ipxact:file>
            <ipxact:file>
                <ipxact:name>ip/top_Constant_0/Design.xml</ipxact:name>
                <ipxact:fileType>user</ipxact:fileType>
            </ipxact:file>
            <ipxact:file>
                <ipxact:name>ip/top_Constant_0/DesignConfiguration.xml</ipxact:name>
                <ipxact:fileType>user</ipxact:fileType>
            </ipxact:file>
            <ipxact:file>
                <ipxact:name>ip/top_Constant_0/top_Constant_0.xml</ipxact:name>
                <ipxact:fileType>user</ipxact:fileType>
            </ipxact:file>
            <ipxact:file>
                <ipxact:name>ip/top_Utility_Vector_Logic_0/Utility_Vector_Logic_6ddc6dac4579.v</ipxact:name>
                <ipxact:fileType>verilogSource</ipxact:fileType>
            </ipxact:file>
            <ipxact:file>
                <ipxact:name>ip/top_Utility_Vector_Logic_0/top_Utility_Vector_Logic_0.v</ipxact:name>
                <ipxact:fileType>verilogSource</ipxact:fileType>
            </ipxact:file>
            <ipxact:file>
                <ipxact:name>ip/top_Utility_Vector_Logic_0/.m_params_top_Utility_Vector_Logic_0.txt</ipxact:name>
                <ipxact:fileType>user</ipxact:fileType>
            </ipxact:file>
            <ipxact:file>
                <ipxact:name>ip/top_Utility_Vector_Logic_0/.params_top_Utility_Vector_Logic_0.txt</ipxact:name>
                <ipxact:fileType>user</ipxact:fileType>
            </ipxact:file>
            <ipxact:file>
                <ipxact:name>ip/top_Utility_Vector_Logic_0/.ports_top_Utility_Vector_Logic_0.txt</ipxact:name>
                <ipxact:fileType>user</ipxact:fileType>
            </ipxact:file>
            <ipxact:file>
                <ipxact:name>ip/top_Utility_Vector_Logic_0/Design.xml</ipxact:name>
                <ipxact:fileType>user</ipxact:fileType>
            </ipxact:file>
            <ipxact:file>
                <ipxact:name>ip/top_Utility_Vector_Logic_0/DesignConfiguration.xml</ipxact:name>
                <ipxact:fileType>user</ipxact:fileType>
            </ipxact:file>
            <ipxact:file>
                <ipxact:name>ip/top_Utility_Vector_Logic_0/top_Utility_Vector_Logic_0.xml</ipxact:name>
                <ipxact:fileType>user</ipxact:fileType>
            </ipxact:file>
            <ipxact:file>
                <ipxact:name>ip/top_AXI_Matrix_0/axi_matrix_wrapper_c3d1ac151468.v</ipxact:name>
                <ipxact:fileType>verilogSource</ipxact:fileType>
            </ipxact:file>
            <ipxact:file>
                <ipxact:name>ip/top_AXI_Matrix_0/top_AXI_Matrix_0.v</ipxact:name>
                <ipxact:fileType>verilogSource</ipxact:fileType>
            </ipxact:file>
            <ipxact:file>
                <ipxact:name>ip/top_AXI_Matrix_0/.m_params_top_AXI_Matrix_0.txt</ipxact:name>
                <ipxact:fileType>user</ipxact:fileType>
            </ipxact:file>
            <ipxact:file>
                <ipxact:name>ip/top_AXI_Matrix_0/.params_top_AXI_Matrix_0.txt</ipxact:name>
                <ipxact:fileType>user</ipxact:fileType>
            </ipxact:file>
            <ipxact:file>
                <ipxact:name>ip/top_AXI_Matrix_0/.ports_top_AXI_Matrix_0.txt</ipxact:name>
                <ipxact:fileType>user</ipxact:fileType>
            </ipxact:file>
            <ipxact:file>
                <ipxact:name>ip/top_AXI_Matrix_0/Design.xml</ipxact:name>
                <ipxact:fileType>user</ipxact:fileType>
            </ipxact:file>
            <ipxact:file>
                <ipxact:name>ip/top_AXI_Matrix_0/DesignConfiguration.xml</ipxact:name>
                <ipxact:fileType>user</ipxact:fileType>
            </ipxact:file>
            <ipxact:file>
                <ipxact:name>ip/top_AXI_Matrix_0/top_AXI_Matrix_0.xml</ipxact:name>
                <ipxact:fileType>user</ipxact:fileType>
            </ipxact:file>
            <ipxact:file>
                <ipxact:name>ip/top_AXI4_Stream_to_Video_Out_0/alc_axi4s_vid_out_55f7c1ded046.v</ipxact:name>
                <ipxact:fileType>verilogSource</ipxact:fileType>
            </ipxact:file>
            <ipxact:file>
                <ipxact:name>ip/top_AXI4_Stream_to_Video_Out_0/top_AXI4_Stream_to_Video_Out_0.v</ipxact:name>
                <ipxact:fileType>verilogSource</ipxact:fileType>
            </ipxact:file>
            <ipxact:file>
                <ipxact:name>ip/top_AXI4_Stream_to_Video_Out_0/.m_params_top_AXI4_Stream_to_Video_Out_0.txt</ipxact:name>
                <ipxact:fileType>user</ipxact:fileType>
            </ipxact:file>
            <ipxact:file>
                <ipxact:name>ip/top_AXI4_Stream_to_Video_Out_0/.params_top_AXI4_Stream_to_Video_Out_0.txt</ipxact:name>
                <ipxact:fileType>user</ipxact:fileType>
            </ipxact:file>
            <ipxact:file>
                <ipxact:name>ip/top_AXI4_Stream_to_Video_Out_0/.ports_top_AXI4_Stream_to_Video_Out_0.txt</ipxact:name>
                <ipxact:fileType>user</ipxact:fileType>
            </ipxact:file>
            <ipxact:file>
                <ipxact:name>ip/top_AXI4_Stream_to_Video_Out_0/Design.xml</ipxact:name>
                <ipxact:fileType>user</ipxact:fileType>
            </ipxact:file>
            <ipxact:file>
                <ipxact:name>ip/top_AXI4_Stream_to_Video_Out_0/DesignConfiguration.xml</ipxact:name>
                <ipxact:fileType>user</ipxact:fileType>
            </ipxact:file>
            <ipxact:file>
                <ipxact:name>ip/top_AXI4_Stream_to_Video_Out_0/top_AXI4_Stream_to_Video_Out_0.xml</ipxact:name>
                <ipxact:fileType>user</ipxact:fileType>
            </ipxact:file>
            <ipxact:file>
                <ipxact:name>ip/top_dvi_tx_top_0/top_dvi_tx_top_0.v</ipxact:name>
                <ipxact:fileType>verilogSource</ipxact:fileType>
            </ipxact:file>
            <ipxact:file>
                <ipxact:name>ip/top_dvi_tx_top_0/top_dvi_tx_top_0.xml</ipxact:name>
                <ipxact:fileType>user</ipxact:fileType>
            </ipxact:file>
            <ipxact:file>
                <ipxact:name>ip/top_vtc_0/top_vtc_0.v</ipxact:name>
                <ipxact:fileType>verilogSource</ipxact:fileType>
            </ipxact:file>
            <ipxact:file>
                <ipxact:name>ip/top_vtc_0/top_vtc_0.xml</ipxact:name>
                <ipxact:fileType>user</ipxact:fileType>
            </ipxact:file>
            <ipxact:file>
                <ipxact:name>ip/top_Constant_1/Constant_8575bc41006e.v</ipxact:name>
                <ipxact:fileType>verilogSource</ipxact:fileType>
            </ipxact:file>
            <ipxact:file>
                <ipxact:name>ip/top_Constant_1/top_Constant_1.v</ipxact:name>
                <ipxact:fileType>verilogSource</ipxact:fileType>
            </ipxact:file>
            <ipxact:file>
                <ipxact:name>ip/top_Constant_1/.m_params_top_Constant_1.txt</ipxact:name>
                <ipxact:fileType>user</ipxact:fileType>
            </ipxact:file>
            <ipxact:file>
                <ipxact:name>ip/top_Constant_1/.params_top_Constant_1.txt</ipxact:name>
                <ipxact:fileType>user</ipxact:fileType>
            </ipxact:file>
            <ipxact:file>
                <ipxact:name>ip/top_Constant_1/.ports_top_Constant_1.txt</ipxact:name>
                <ipxact:fileType>user</ipxact:fileType>
            </ipxact:file>
            <ipxact:file>
                <ipxact:name>ip/top_Constant_1/Design.xml</ipxact:name>
                <ipxact:fileType>user</ipxact:fileType>
            </ipxact:file>
            <ipxact:file>
                <ipxact:name>ip/top_Constant_1/DesignConfiguration.xml</ipxact:name>
                <ipxact:fileType>user</ipxact:fileType>
            </ipxact:file>
            <ipxact:file>
                <ipxact:name>ip/top_Constant_1/top_Constant_1.xml</ipxact:name>
                <ipxact:fileType>user</ipxact:fileType>
            </ipxact:file>
        </ipxact:fileSet>
    </ipxact:fileSets>
    <ipxact:vendorExtensions>
        <anlogic:device>DR1M90MEG484</anlogic:device>
        <anlogic:customTool>use_integrator</anlogic:customTool>
    </ipxact:vendorExtensions>
</ipxact:component>
