<?xml version="1.0" encoding="UTF-8"?>
<ipxact:design xmlns:xsi="http://www.w3.org/2001/XMLSchema-instance" xmlns:ipxact="http://www.accellera.org/XMLSchema/IPXACT/1685-2014" xmlns:anlogic="http" xsi:schemaLocation="http://www.accellera.org/XMLSchema/IPXACT/1685-2014 http://www.accellera.org/XMLSchema/IPXACT/1685-2014/index.xsd">
    <ipxact:vendor>anlogic.com</ipxact:vendor>
    <ipxact:library>customized</ipxact:library>
    <ipxact:name>design_top_PLL_0</ipxact:name>
    <ipxact:version>1.0</ipxact:version>
    <ipxact:componentInstances>
        <ipxact:componentInstance>
            <ipxact:instanceName>dr1_phy_pll_2a92cb900972_Inst</ipxact:instanceName>
            <ipxact:componentRef vendor="anlogic.com" library="ip" name="PLLF9F0D0P0" version="1.0"/>
            <ipxact:configurableElementValues>
                <ipxact:configurableElementValue referenceId="FIN_Min">10.000000</ipxact:configurableElementValue>
                <ipxact:configurableElementValue referenceId="FIN_Max">500.000000</ipxact:configurableElementValue>
                <ipxact:configurableElementValue referenceId="FIN_DISP">100.000000</ipxact:configurableElementValue>
                <ipxact:configurableElementValue referenceId="FIN_UNIT_DISP">&quot;MHz&quot;</ipxact:configurableElementValue>
                <ipxact:configurableElementValue referenceId="FEEDBK_MODE_DISP">&quot;Normal&quot;</ipxact:configurableElementValue>
                <ipxact:configurableElementValue referenceId="FEEDBK_CLK_DISP">&quot;CLK0&quot;</ipxact:configurableElementValue>
                <ipxact:configurableElementValue referenceId="SSC_ENABLE_DISP">0</ipxact:configurableElementValue>
                <ipxact:configurableElementValue referenceId="SSC_USER_FREQUENCY_MODULATION_DISP">0</ipxact:configurableElementValue>
                <ipxact:configurableElementValue referenceId="ENABLE_RESET_DISP">1</ipxact:configurableElementValue>
                <ipxact:configurableElementValue referenceId="ENABLE_POWER_DOWN_DISP">0</ipxact:configurableElementValue>
                <ipxact:configurableElementValue referenceId="USE_DYNAMIC_COARSE_PS_DISP">0</ipxact:configurableElementValue>
                <ipxact:configurableElementValue referenceId="USE_DYNAMIC_FINE_PS_DISP">0</ipxact:configurableElementValue>
                <ipxact:configurableElementValue referenceId="USE_DYNAMIC_CONFIG_DISP">0</ipxact:configurableElementValue>
                <ipxact:configurableElementValue referenceId="CLOCK_RESET_DISP">0</ipxact:configurableElementValue>
                <ipxact:configurableElementValue referenceId="CONFIG_MODE_DISP">&quot;Clock Frequency&quot;</ipxact:configurableElementValue>
                <ipxact:configurableElementValue referenceId="CLOCK_DIVISION_FACTOR_SET_DISP">5</ipxact:configurableElementValue>
                <ipxact:configurableElementValue referenceId="CLOCK_MULT_FACTOR_SET_DISP">37</ipxact:configurableElementValue>
                <ipxact:configurableElementValue referenceId="MULT_FACTOR_Min">37</ipxact:configurableElementValue>
                <ipxact:configurableElementValue referenceId="MULT_FACTOR_Max">37</ipxact:configurableElementValue>
                <ipxact:configurableElementValue referenceId="DIV_FACTOR_Min">5</ipxact:configurableElementValue>
                <ipxact:configurableElementValue referenceId="DIV_FACTOR_Max">5</ipxact:configurableElementValue>
                <ipxact:configurableElementValue referenceId="FRAC_AMP_Min">0.0000</ipxact:configurableElementValue>
                <ipxact:configurableElementValue referenceId="FRAC_AMP_Max">0.0000</ipxact:configurableElementValue>
                <ipxact:configurableElementValue referenceId="CLK0_DIV_FACTOR_Min">2</ipxact:configurableElementValue>
                <ipxact:configurableElementValue referenceId="CLK0_DIV_FACTOR_Max">2</ipxact:configurableElementValue>
                <ipxact:configurableElementValue referenceId="CLK1_DIV_FACTOR_Min">10</ipxact:configurableElementValue>
                <ipxact:configurableElementValue referenceId="CLK1_DIV_FACTOR_Max">10</ipxact:configurableElementValue>
                <ipxact:configurableElementValue referenceId="CLK2_DIV_FACTOR_Min">10</ipxact:configurableElementValue>
                <ipxact:configurableElementValue referenceId="CLK2_DIV_FACTOR_Max">10</ipxact:configurableElementValue>
                <ipxact:configurableElementValue referenceId="CLK3_DIV_FACTOR_Min">10</ipxact:configurableElementValue>
                <ipxact:configurableElementValue referenceId="CLK3_DIV_FACTOR_Max">10</ipxact:configurableElementValue>
                <ipxact:configurableElementValue referenceId="CLK4_DIV_FACTOR_Min">10</ipxact:configurableElementValue>
                <ipxact:configurableElementValue referenceId="CLK4_DIV_FACTOR_Max">10</ipxact:configurableElementValue>
                <ipxact:configurableElementValue referenceId="CLK5_DIV_FACTOR_Min">10</ipxact:configurableElementValue>
                <ipxact:configurableElementValue referenceId="CLK5_DIV_FACTOR_Max">10</ipxact:configurableElementValue>
                <ipxact:configurableElementValue referenceId="CLK6_DIV_FACTOR_Min">10</ipxact:configurableElementValue>
                <ipxact:configurableElementValue referenceId="CLK6_DIV_FACTOR_Max">10</ipxact:configurableElementValue>
                <ipxact:configurableElementValue referenceId="FRACTIONAL_ENABLE_DISP">0</ipxact:configurableElementValue>
                <ipxact:configurableElementValue referenceId="CLK0_ENABLE_DISP">&quot;ENABLE&quot;</ipxact:configurableElementValue>
                <ipxact:configurableElementValue referenceId="CLK0_FREQ_Min">6.25</ipxact:configurableElementValue>
                <ipxact:configurableElementValue referenceId="CLK0_FREQ_Max">1000</ipxact:configurableElementValue>
                <ipxact:configurableElementValue referenceId="CLK1_FREQ_Min">6.25</ipxact:configurableElementValue>
                <ipxact:configurableElementValue referenceId="CLK1_FREQ_Max">1000</ipxact:configurableElementValue>
                <ipxact:configurableElementValue referenceId="CLK2_FREQ_Min">6.25</ipxact:configurableElementValue>
                <ipxact:configurableElementValue referenceId="CLK2_FREQ_Max">1000</ipxact:configurableElementValue>
                <ipxact:configurableElementValue referenceId="CLK3_FREQ_Min">6.25</ipxact:configurableElementValue>
                <ipxact:configurableElementValue referenceId="CLK3_FREQ_Max">1000</ipxact:configurableElementValue>
                <ipxact:configurableElementValue referenceId="CLK4_FREQ_Min">6.25</ipxact:configurableElementValue>
                <ipxact:configurableElementValue referenceId="CLK4_FREQ_Max">1000</ipxact:configurableElementValue>
                <ipxact:configurableElementValue referenceId="CLK5_FREQ_Min">6.25</ipxact:configurableElementValue>
                <ipxact:configurableElementValue referenceId="CLK5_FREQ_Max">1000</ipxact:configurableElementValue>
                <ipxact:configurableElementValue referenceId="CLK6_FREQ_Min">6.25</ipxact:configurableElementValue>
                <ipxact:configurableElementValue referenceId="CLK6_FREQ_Max">1000</ipxact:configurableElementValue>
                <ipxact:configurableElementValue referenceId="CLK0_REQUEST_FREQ_DISP">740.000000</ipxact:configurableElementValue>
                <ipxact:configurableElementValue referenceId="CLK0_REQUEST_FREQ_UNIT_DISP">&quot;MHz&quot;</ipxact:configurableElementValue>
                <ipxact:configurableElementValue referenceId="CLK0_DIVISION_FACTOR_SET_DISP">2</ipxact:configurableElementValue>
                <ipxact:configurableElementValue referenceId="CLK0_PS_Max">359.9999</ipxact:configurableElementValue>
                <ipxact:configurableElementValue referenceId="CLK1_PS_Max">359.9999</ipxact:configurableElementValue>
                <ipxact:configurableElementValue referenceId="CLK2_PS_Max">359.9999</ipxact:configurableElementValue>
                <ipxact:configurableElementValue referenceId="CLK3_PS_Max">359.9999</ipxact:configurableElementValue>
                <ipxact:configurableElementValue referenceId="CLK4_PS_Max">359.9999</ipxact:configurableElementValue>
                <ipxact:configurableElementValue referenceId="CLK5_PS_Max">359.9999</ipxact:configurableElementValue>
                <ipxact:configurableElementValue referenceId="CLK6_PS_Max">359.9999</ipxact:configurableElementValue>
                <ipxact:configurableElementValue referenceId="CLK0_REQUEST_DUTY_CYCLE">50.00</ipxact:configurableElementValue>
                <ipxact:configurableElementValue referenceId="CLK0_USE_B_CLOCK_DISP">0</ipxact:configurableElementValue>
                <ipxact:configurableElementValue referenceId="CLK0_ENABLE_CLOCK_DISP">0</ipxact:configurableElementValue>
                <ipxact:configurableElementValue referenceId="CLK0_BUFFER">&quot;BUFG&quot;</ipxact:configurableElementValue>
                <ipxact:configurableElementValue referenceId="CLK1_ENABLE_DISP">&quot;ENABLE&quot;</ipxact:configurableElementValue>
                <ipxact:configurableElementValue referenceId="CLK1_REQUEST_FREQ_DISP">148.000000</ipxact:configurableElementValue>
                <ipxact:configurableElementValue referenceId="CLK1_REQUEST_FREQ_UNIT_DISP">&quot;MHz&quot;</ipxact:configurableElementValue>
                <ipxact:configurableElementValue referenceId="CLK1_DIVISION_FACTOR_SET_DISP">10</ipxact:configurableElementValue>
                <ipxact:configurableElementValue referenceId="CLK1_REQUEST_PHASE_SHIFT_DISP">0.0000</ipxact:configurableElementValue>
                <ipxact:configurableElementValue referenceId="CLK1_REQUEST_PHASE_SHIFT_UNIT_DISP">&quot;deg&quot;</ipxact:configurableElementValue>
                <ipxact:configurableElementValue referenceId="CLK1_REQUEST_DUTY_CYCLE">50.00</ipxact:configurableElementValue>
                <ipxact:configurableElementValue referenceId="CLK1_USE_B_CLOCK_DISP">0</ipxact:configurableElementValue>
                <ipxact:configurableElementValue referenceId="CLK1_ENABLE_CLOCK_DISP">0</ipxact:configurableElementValue>
                <ipxact:configurableElementValue referenceId="CLK1_BUFFER">&quot;BUFG&quot;</ipxact:configurableElementValue>
                <ipxact:configurableElementValue referenceId="CLK2_ENABLE_DISP">&quot;DISABLE&quot;</ipxact:configurableElementValue>
                <ipxact:configurableElementValue referenceId="CLK3_ENABLE_DISP">&quot;DISABLE&quot;</ipxact:configurableElementValue>
                <ipxact:configurableElementValue referenceId="CLK4_ENABLE_DISP">&quot;DISABLE&quot;</ipxact:configurableElementValue>
                <ipxact:configurableElementValue referenceId="CLK5_ENABLE_DISP">&quot;DISABLE&quot;</ipxact:configurableElementValue>
                <ipxact:configurableElementValue referenceId="CLK6_ENABLE_DISP">&quot;DISABLE&quot;</ipxact:configurableElementValue>
                <ipxact:configurableElementValue referenceId="BandWidth_setting_DISP">&quot;Medium&quot;</ipxact:configurableElementValue>
                <ipxact:configurableElementValue referenceId="CLK0_FREQ">740.0</ipxact:configurableElementValue>
                <ipxact:configurableElementValue referenceId="CLK0_PS">0.0</ipxact:configurableElementValue>
                <ipxact:configurableElementValue referenceId="CLK0_DC">50.0</ipxact:configurableElementValue>
                <ipxact:configurableElementValue referenceId="CLK0_DF">2</ipxact:configurableElementValue>
                <ipxact:configurableElementValue referenceId="CLK0_CLOCK_B">&quot;DISABLE&quot;</ipxact:configurableElementValue>
                <ipxact:configurableElementValue referenceId="CLK0_CLOCK_ENABLE">&quot;DISABLE&quot;</ipxact:configurableElementValue>
                <ipxact:configurableElementValue referenceId="CLK0_BUFG">&quot;BUFG&quot;</ipxact:configurableElementValue>
                <ipxact:configurableElementValue referenceId="CLK1_FREQ">148.0</ipxact:configurableElementValue>
                <ipxact:configurableElementValue referenceId="CLK1_PS">0.0</ipxact:configurableElementValue>
                <ipxact:configurableElementValue referenceId="CLK1_DC">50.0</ipxact:configurableElementValue>
                <ipxact:configurableElementValue referenceId="CLK1_DF">10</ipxact:configurableElementValue>
                <ipxact:configurableElementValue referenceId="CLK1_CLOCK_B">&quot;DISABLE&quot;</ipxact:configurableElementValue>
                <ipxact:configurableElementValue referenceId="CLK1_CLOCK_ENABLE">&quot;DISABLE&quot;</ipxact:configurableElementValue>
                <ipxact:configurableElementValue referenceId="CLK1_BUFG">&quot;BUFG&quot;</ipxact:configurableElementValue>
                <ipxact:configurableElementValue referenceId="CLK0_FORCE_SET">1</ipxact:configurableElementValue>
                <ipxact:configurableElementValue referenceId="CLK1_FORCE_SET">0</ipxact:configurableElementValue>
                <ipxact:configurableElementValue referenceId="CLK2_FORCE_SET">0</ipxact:configurableElementValue>
                <ipxact:configurableElementValue referenceId="CLK3_FORCE_SET">0</ipxact:configurableElementValue>
                <ipxact:configurableElementValue referenceId="CLK4_FORCE_SET">0</ipxact:configurableElementValue>
                <ipxact:configurableElementValue referenceId="CLK5_FORCE_SET">0</ipxact:configurableElementValue>
                <ipxact:configurableElementValue referenceId="CLK6_FORCE_SET">0</ipxact:configurableElementValue>
                <ipxact:configurableElementValue referenceId="CLK0_ENABLE_CTRL">1</ipxact:configurableElementValue>
                <ipxact:configurableElementValue referenceId="CLK1_ENABLE_CTRL">1</ipxact:configurableElementValue>
                <ipxact:configurableElementValue referenceId="CLK2_ENABLE_CTRL">0</ipxact:configurableElementValue>
                <ipxact:configurableElementValue referenceId="CLK3_ENABLE_CTRL">0</ipxact:configurableElementValue>
                <ipxact:configurableElementValue referenceId="CLK4_ENABLE_CTRL">0</ipxact:configurableElementValue>
                <ipxact:configurableElementValue referenceId="CLK5_ENABLE_CTRL">0</ipxact:configurableElementValue>
                <ipxact:configurableElementValue referenceId="CLK6_ENABLE_CTRL">0</ipxact:configurableElementValue>
                <ipxact:configurableElementValue referenceId="fbclk_idx">0</ipxact:configurableElementValue>
                <ipxact:configurableElementValue referenceId="UseClkFreqSetting">1</ipxact:configurableElementValue>
                <ipxact:configurableElementValue referenceId="clk_enable_">&quot;1 1 0 0 0 0 0&quot;</ipxact:configurableElementValue>
                <ipxact:configurableElementValue referenceId="clk_freq_">&quot;740.000000 148.000000 100.000000 100.000000 100.000000 100.000000 100.000000&quot;</ipxact:configurableElementValue>
                <ipxact:configurableElementValue referenceId="clk_freq_unit_">&quot;MHz MHz MHz MHz MHz MHz MHz&quot;</ipxact:configurableElementValue>
                <ipxact:configurableElementValue referenceId="clk_phase_shift">&quot;0.0000 0.0000 0 0 0 0 0&quot;</ipxact:configurableElementValue>
                <ipxact:configurableElementValue referenceId="clk_phase_shift_unit">&quot;deg deg deg deg deg deg deg&quot;</ipxact:configurableElementValue>
                <ipxact:configurableElementValue referenceId="post_scale_counter_user">&quot;2 10 10 10 10 10 10&quot;</ipxact:configurableElementValue>
                <ipxact:configurableElementValue referenceId="feedback_mode">&quot;NORMAL&quot;</ipxact:configurableElementValue>
                <ipxact:configurableElementValue referenceId="sum_calcdiv">&quot;0 2 4 10 1 10 5 10 2 10 6 10 3 10 1480.0 20.0 5 37&quot;</ipxact:configurableElementValue>
                <ipxact:configurableElementValue referenceId="post_scale_counter_gen">&quot;0 2 4 10 1 10 5 10 2 10 6 10 3 10&quot;</ipxact:configurableElementValue>
                <ipxact:configurableElementValue referenceId="vco_">1480.0</ipxact:configurableElementValue>
                <ipxact:configurableElementValue referenceId="vref_">20.0</ipxact:configurableElementValue>
                <ipxact:configurableElementValue referenceId="div_factor_">5</ipxact:configurableElementValue>
                <ipxact:configurableElementValue referenceId="post_scale_counter_gen_resort">&quot;2 10 10 10 10 10 10&quot;</ipxact:configurableElementValue>
                <ipxact:configurableElementValue referenceId="sum_duty_cycle">&quot;0 0.5 4 0.5 1 0.5 5 0.5 2 0.5 6 0.5 3 0.5 0 0 4 0 1 0 5 0 2 0 6 0 3 0&quot;</ipxact:configurableElementValue>
                <ipxact:configurableElementValue referenceId="modulate_duty_cycle_gen">&quot;0 0 4 0 1 0 5 0 2 0 6 0 3 0&quot;</ipxact:configurableElementValue>
                <ipxact:configurableElementValue referenceId="actual_phase_shift_gen_resort">&quot;0.0000 0.0000 0.0000 0.0000 0.0000 0.0000 0.0000&quot;</ipxact:configurableElementValue>
                <ipxact:configurableElementValue referenceId="modulate_duty_cycle_gen_resort">&quot;0 0 0 0 0 0 0&quot;</ipxact:configurableElementValue>
                <ipxact:configurableElementValue referenceId="actual_duty_cycle_gen">&quot;0 0.5 4 0.5 1 0.5 5 0.5 2 0.5 6 0.5 3 0.5&quot;</ipxact:configurableElementValue>
                <ipxact:configurableElementValue referenceId="actual_duty_cycle_gen_resort">&quot;0.5 0.5 0.5 0.5 0.5 0.5 0.5&quot;</ipxact:configurableElementValue>
                <ipxact:configurableElementValue referenceId="cphase_resort">&quot;1 9 0 0 0 0 0&quot;</ipxact:configurableElementValue>
                <ipxact:configurableElementValue referenceId="fphase_gen_resort">&quot;0 0 0 0 0 0 0&quot;</ipxact:configurableElementValue>
                <ipxact:configurableElementValue referenceId="sum_phase_shift">&quot;0 1 4 0 1 9 5 0 2 0 6 0 3 0 0 0 4 0 1 0 5 0 2 0 6 0 3 0 0 0.0 4 0 1 0.0 5 0 2 0 6 0 3 0&quot;</ipxact:configurableElementValue>
                <ipxact:configurableElementValue referenceId="cphase_gen">&quot;0 1 4 0 1 9 5 0 2 0 6 0 3 0&quot;</ipxact:configurableElementValue>
                <ipxact:configurableElementValue referenceId="fphase_gen">&quot;0 0 4 0 1 0 5 0 2 0 6 0 3 0&quot;</ipxact:configurableElementValue>
                <ipxact:configurableElementValue referenceId="actual_phase_shift_gen">&quot;0 0.0 4 0 1 0.0 5 0 2 0 6 0 3 0&quot;</ipxact:configurableElementValue>
                <ipxact:configurableElementValue referenceId="BestVref_">20.0</ipxact:configurableElementValue>
                <ipxact:configurableElementValue referenceId="BestVco_">1000.0</ipxact:configurableElementValue>
                <ipxact:configurableElementValue referenceId="mul_factor_">37</ipxact:configurableElementValue>
                <ipxact:configurableElementValue referenceId="post_scale_counter_">&quot;2 10 10 10 10 10 10&quot;</ipxact:configurableElementValue>
                <ipxact:configurableElementValue referenceId="sum_fractional">&quot;1480.0 0.0 0 37&quot;</ipxact:configurableElementValue>
                <ipxact:configurableElementValue referenceId="sum_ssc">&quot;0 0&quot;</ipxact:configurableElementValue>
                <ipxact:configurableElementValue referenceId="sum_act_freq">&quot;4 148.000000 0 740.000000 5 148.000000 1 148.000000 6 148.000000 2 148.000000 3 148.000000&quot;</ipxact:configurableElementValue>
                <ipxact:configurableElementValue referenceId="fvco_">1480.0</ipxact:configurableElementValue>
                <ipxact:configurableElementValue referenceId="fractional_amp">0.0</ipxact:configurableElementValue>
                <ipxact:configurableElementValue referenceId="SSC_FREQ">0.03</ipxact:configurableElementValue>
                <ipxact:configurableElementValue referenceId="CLOCK_DIVISION_FACTOR_DISP">5</ipxact:configurableElementValue>
                <ipxact:configurableElementValue referenceId="CLOCK_MULT_FACTOR_DISP">37</ipxact:configurableElementValue>
                <ipxact:configurableElementValue referenceId="FRACTIONAL_AMP_DISP">0.0000</ipxact:configurableElementValue>
                <ipxact:configurableElementValue referenceId="VCO_FREQ_DISP">1480.0000</ipxact:configurableElementValue>
                <ipxact:configurableElementValue referenceId="CLK0_DIVISION_FACTOR_DISP">2</ipxact:configurableElementValue>
                <ipxact:configurableElementValue referenceId="CLK1_DIVISION_FACTOR_DISP">10</ipxact:configurableElementValue>
                <ipxact:configurableElementValue referenceId="CLK1_ACTUAL_PHASE_SHIFT_DISP">0.0000</ipxact:configurableElementValue>
                <ipxact:configurableElementValue referenceId="CLK0_ACTUAL_DUTY_CYCLE">50.0000</ipxact:configurableElementValue>
                <ipxact:configurableElementValue referenceId="CLK1_ACTUAL_DUTY_CYCLE">50.0000</ipxact:configurableElementValue>
                <ipxact:configurableElementValue referenceId="CLK1_ACTUAL_FREQ_DISP">148.000000</ipxact:configurableElementValue>
                <ipxact:configurableElementValue referenceId="PLL_LOCK_DISP">1</ipxact:configurableElementValue>
                <ipxact:configurableElementValue referenceId="actual_freq_">&quot;740.000000 148.000000 148.000000 148.000000 148.000000 148.000000 148.000000&quot;</ipxact:configurableElementValue>
                <ipxact:configurableElementValue referenceId="calc_band_width">&quot;0 10 0 2 4&quot;</ipxact:configurableElementValue>
                <ipxact:configurableElementValue referenceId="Charge_pump_current_DISP">10</ipxact:configurableElementValue>
                <ipxact:configurableElementValue referenceId="GMC_gain_DISP">0</ipxact:configurableElementValue>
                <ipxact:configurableElementValue referenceId="KVCO_DISP">0</ipxact:configurableElementValue>
                <ipxact:configurableElementValue referenceId="Loop_filter_capactiance_DISP">2</ipxact:configurableElementValue>
                <ipxact:configurableElementValue referenceId="Loop_filter_resistance_DISP">4</ipxact:configurableElementValue>
                <ipxact:configurableElementValue referenceId="user_duty_cycle_gui">&quot;50.00 50.00 50.00 50.00 50.00 50.00 50.00&quot;</ipxact:configurableElementValue>
                <ipxact:configurableElementValue referenceId="duty_cycle_">&quot;0.5 0.5 0.5 0.5 0.5 0.5 0.5&quot;</ipxact:configurableElementValue>
                <ipxact:configurableElementValue referenceId="actual_duty_cycle_gui">&quot;50.0000 50.0000 50.0000 50.0000 50.0000 50.0000 50.0000&quot;</ipxact:configurableElementValue>
                <ipxact:configurableElementValue referenceId="FBKCLK_INT">&quot;CLKC0_EXT&quot;</ipxact:configurableElementValue>
                <ipxact:configurableElementValue referenceId="REFCLK_DIV">5</ipxact:configurableElementValue>
                <ipxact:configurableElementValue referenceId="FBCLK_DIV">37</ipxact:configurableElementValue>
                <ipxact:configurableElementValue referenceId="CLKC0_FPHASE">0</ipxact:configurableElementValue>
                <ipxact:configurableElementValue referenceId="CLKC1_FPHASE">0</ipxact:configurableElementValue>
                <ipxact:configurableElementValue referenceId="CLKC2_FPHASE">0</ipxact:configurableElementValue>
                <ipxact:configurableElementValue referenceId="CLKC3_FPHASE">0</ipxact:configurableElementValue>
                <ipxact:configurableElementValue referenceId="CLKC4_FPHASE">0</ipxact:configurableElementValue>
                <ipxact:configurableElementValue referenceId="CLKC5_FPHASE">0</ipxact:configurableElementValue>
                <ipxact:configurableElementValue referenceId="CLKC6_FPHASE">0</ipxact:configurableElementValue>
                <ipxact:configurableElementValue referenceId="CLKC0_CPHASE">1</ipxact:configurableElementValue>
                <ipxact:configurableElementValue referenceId="CLKC1_CPHASE">9</ipxact:configurableElementValue>
                <ipxact:configurableElementValue referenceId="CLKC2_CPHASE">0</ipxact:configurableElementValue>
                <ipxact:configurableElementValue referenceId="CLKC3_CPHASE">0</ipxact:configurableElementValue>
                <ipxact:configurableElementValue referenceId="CLKC4_CPHASE">0</ipxact:configurableElementValue>
                <ipxact:configurableElementValue referenceId="CLKC5_CPHASE">0</ipxact:configurableElementValue>
                <ipxact:configurableElementValue referenceId="CLKC6_CPHASE">0</ipxact:configurableElementValue>
                <ipxact:configurableElementValue referenceId="CLKC0_DIV">2</ipxact:configurableElementValue>
                <ipxact:configurableElementValue referenceId="CLKC1_DIV">10</ipxact:configurableElementValue>
                <ipxact:configurableElementValue referenceId="CLKC2_DIV">10</ipxact:configurableElementValue>
                <ipxact:configurableElementValue referenceId="CLKC3_DIV">10</ipxact:configurableElementValue>
                <ipxact:configurableElementValue referenceId="CLKC4_DIV">10</ipxact:configurableElementValue>
                <ipxact:configurableElementValue referenceId="CLKC5_DIV">10</ipxact:configurableElementValue>
                <ipxact:configurableElementValue referenceId="CLKC6_DIV">10</ipxact:configurableElementValue>
                <ipxact:configurableElementValue referenceId="CLKC_DUTY_INT_LIST">&quot;1 5 5 5 5 5 5&quot;</ipxact:configurableElementValue>
                <ipxact:configurableElementValue referenceId="CLKC0_DUTY_INT">1</ipxact:configurableElementValue>
                <ipxact:configurableElementValue referenceId="CLKC1_DUTY_INT">5</ipxact:configurableElementValue>
                <ipxact:configurableElementValue referenceId="CLKC2_DUTY_INT">5</ipxact:configurableElementValue>
                <ipxact:configurableElementValue referenceId="CLKC3_DUTY_INT">5</ipxact:configurableElementValue>
                <ipxact:configurableElementValue referenceId="CLKC4_DUTY_INT">5</ipxact:configurableElementValue>
                <ipxact:configurableElementValue referenceId="CLKC5_DUTY_INT">5</ipxact:configurableElementValue>
                <ipxact:configurableElementValue referenceId="CLKC6_DUTY_INT">5</ipxact:configurableElementValue>
                <ipxact:configurableElementValue referenceId="FREQ_OFFSET">131071</ipxact:configurableElementValue>
                <ipxact:configurableElementValue referenceId="CLKC0_ENABLE">&quot;ENABLE&quot;</ipxact:configurableElementValue>
                <ipxact:configurableElementValue referenceId="CLKC1_ENABLE">&quot;ENABLE&quot;</ipxact:configurableElementValue>
                <ipxact:configurableElementValue referenceId="CLKC2_ENABLE">&quot;DISABLE&quot;</ipxact:configurableElementValue>
                <ipxact:configurableElementValue referenceId="CLKC3_ENABLE">&quot;DISABLE&quot;</ipxact:configurableElementValue>
                <ipxact:configurableElementValue referenceId="CLKC4_ENABLE">&quot;DISABLE&quot;</ipxact:configurableElementValue>
                <ipxact:configurableElementValue referenceId="CLKC5_ENABLE">&quot;DISABLE&quot;</ipxact:configurableElementValue>
                <ipxact:configurableElementValue referenceId="CLKC6_ENABLE">&quot;DISABLE&quot;</ipxact:configurableElementValue>
                <ipxact:configurableElementValue referenceId="FIN">&quot;100.0&quot;</ipxact:configurableElementValue>
                <ipxact:configurableElementValue referenceId="FEEDBK_MODE">&quot;NORMAL&quot;</ipxact:configurableElementValue>
                <ipxact:configurableElementValue referenceId="PLL_USR_RST">&quot;ENABLE&quot;</ipxact:configurableElementValue>
                <ipxact:configurableElementValue referenceId="PLL_FEED_TYPE">&quot;EXTERNAL&quot;</ipxact:configurableElementValue>
                <ipxact:configurableElementValue referenceId="LPF_RES">4</ipxact:configurableElementValue>
                <ipxact:configurableElementValue referenceId="LPF_CAP">2</ipxact:configurableElementValue>
                <ipxact:configurableElementValue referenceId="ICP_CUR">10</ipxact:configurableElementValue>
                <ipxact:configurableElementValue referenceId="GMC_GAIN">0</ipxact:configurableElementValue>
                <ipxact:configurableElementValue referenceId="FRAC_ENABLE">&quot;DISABLE&quot;</ipxact:configurableElementValue>
                <ipxact:configurableElementValue referenceId="DITHER_ENABLE">&quot;DISABLE&quot;</ipxact:configurableElementValue>
                <ipxact:configurableElementValue referenceId="SDM_FRAC">0</ipxact:configurableElementValue>
                <ipxact:configurableElementValue referenceId="SSC_AMP">0.0000</ipxact:configurableElementValue>
                <ipxact:configurableElementValue referenceId="MPHASE_ENABLE">&quot;DISABLE&quot;</ipxact:configurableElementValue>
                <ipxact:configurableElementValue referenceId="DYN_PHASE_PATH_SEL">&quot;DISABLE&quot;</ipxact:configurableElementValue>
                <ipxact:configurableElementValue referenceId="DYN_FPHASE_EN">&quot;DISABLE&quot;</ipxact:configurableElementValue>
                <ipxact:configurableElementValue referenceId="CLKC0_FPHASE_RSTSEL">0</ipxact:configurableElementValue>
                <ipxact:configurableElementValue referenceId="CLKC_FPHASE_PATH_RSTSEL">&quot;0 0 0 0 0 0 0&quot;</ipxact:configurableElementValue>
                <ipxact:configurableElementValue referenceId="CLKC1_FPHASE_RSTSEL">0</ipxact:configurableElementValue>
                <ipxact:configurableElementValue referenceId="CLKC2_FPHASE_RSTSEL">0</ipxact:configurableElementValue>
                <ipxact:configurableElementValue referenceId="CLKC3_FPHASE_RSTSEL">0</ipxact:configurableElementValue>
                <ipxact:configurableElementValue referenceId="CLKC4_FPHASE_RSTSEL">0</ipxact:configurableElementValue>
                <ipxact:configurableElementValue referenceId="CLKC5_FPHASE_RSTSEL">0</ipxact:configurableElementValue>
                <ipxact:configurableElementValue referenceId="CLKC6_FPHASE_RSTSEL">0</ipxact:configurableElementValue>
                <ipxact:configurableElementValue referenceId="DYN_CPHASE_CLKC0_DIV_EN">&quot;DISABLE&quot;</ipxact:configurableElementValue>
                <ipxact:configurableElementValue referenceId="DYN_CPHASE_CLKC1_DIV_EN">&quot;DISABLE&quot;</ipxact:configurableElementValue>
                <ipxact:configurableElementValue referenceId="DYN_CPHASE_CLKC2_DIV_EN">&quot;DISABLE&quot;</ipxact:configurableElementValue>
                <ipxact:configurableElementValue referenceId="DYN_CPHASE_CLKC3_DIV_EN">&quot;DISABLE&quot;</ipxact:configurableElementValue>
                <ipxact:configurableElementValue referenceId="DYN_CPHASE_CLKC4_DIV_EN">&quot;DISABLE&quot;</ipxact:configurableElementValue>
                <ipxact:configurableElementValue referenceId="DYN_CPHASE_CLKC5_DIV_EN">&quot;DISABLE&quot;</ipxact:configurableElementValue>
                <ipxact:configurableElementValue referenceId="DYN_CPHASE_CLKC6_DIV_EN">&quot;DISABLE&quot;</ipxact:configurableElementValue>
                <ipxact:configurableElementValue referenceId="CLKC_DUTY50">&quot;ENABLE ENABLE ENABLE ENABLE ENABLE ENABLE ENABLE&quot;</ipxact:configurableElementValue>
                <ipxact:configurableElementValue referenceId="CLKC0_DUTY50">&quot;ENABLE&quot;</ipxact:configurableElementValue>
                <ipxact:configurableElementValue referenceId="CLKC1_DUTY50">&quot;ENABLE&quot;</ipxact:configurableElementValue>
                <ipxact:configurableElementValue referenceId="CLKC2_DUTY50">&quot;ENABLE&quot;</ipxact:configurableElementValue>
                <ipxact:configurableElementValue referenceId="CLKC3_DUTY50">&quot;ENABLE&quot;</ipxact:configurableElementValue>
                <ipxact:configurableElementValue referenceId="CLKC4_DUTY50">&quot;ENABLE&quot;</ipxact:configurableElementValue>
                <ipxact:configurableElementValue referenceId="CLKC5_DUTY50">&quot;ENABLE&quot;</ipxact:configurableElementValue>
                <ipxact:configurableElementValue referenceId="CLKC6_DUTY50">&quot;ENABLE&quot;</ipxact:configurableElementValue>
                <ipxact:configurableElementValue referenceId="INTPI">1</ipxact:configurableElementValue>
                <ipxact:configurableElementValue referenceId="SSC_ENABLE">&quot;DISABLE&quot;</ipxact:configurableElementValue>
                <ipxact:configurableElementValue referenceId="SSC_MODE">&quot;DOWN&quot;</ipxact:configurableElementValue>
                <ipxact:configurableElementValue referenceId="EXT_USR_FREQ_EN">&quot;DISABLE&quot;</ipxact:configurableElementValue>
                <ipxact:configurableElementValue referenceId="SSC_RNGE">0</ipxact:configurableElementValue>
                <ipxact:configurableElementValue referenceId="SSC_FREQ_DIV">0</ipxact:configurableElementValue>
                <ipxact:configurableElementValue referenceId="HIGH_SPEED_EN">&quot;DISABLE&quot;</ipxact:configurableElementValue>
                <ipxact:configurableElementValue referenceId="SSC_AMP_FRACTION">0.0</ipxact:configurableElementValue>
                <ipxact:configurableElementValue referenceId="CLKC0_DIV2_ENABLE">&quot;DISABLE&quot;</ipxact:configurableElementValue>
                <ipxact:configurableElementValue referenceId="CLKC1_DIV2_ENABLE">&quot;DISABLE&quot;</ipxact:configurableElementValue>
                <ipxact:configurableElementValue referenceId="CLKC2_DIV2_ENABLE">&quot;DISABLE&quot;</ipxact:configurableElementValue>
                <ipxact:configurableElementValue referenceId="CLKC3_DIV2_ENABLE">&quot;DISABLE&quot;</ipxact:configurableElementValue>
                <ipxact:configurableElementValue referenceId="CLKC4_DIV2_ENABLE">&quot;DISABLE&quot;</ipxact:configurableElementValue>
                <ipxact:configurableElementValue referenceId="CLKC5_DIV2_ENABLE">&quot;DISABLE&quot;</ipxact:configurableElementValue>
                <ipxact:configurableElementValue referenceId="CLKC6_DIV2_ENABLE">&quot;DISABLE&quot;</ipxact:configurableElementValue>
                <ipxact:configurableElementValue referenceId="PREDIV_MUXC0">&quot;VCO&quot;</ipxact:configurableElementValue>
                <ipxact:configurableElementValue referenceId="PREDIV_MUXC1">&quot;VCO&quot;</ipxact:configurableElementValue>
                <ipxact:configurableElementValue referenceId="PREDIV_MUXC2">&quot;VCO&quot;</ipxact:configurableElementValue>
                <ipxact:configurableElementValue referenceId="PREDIV_MUXC3">&quot;VCO&quot;</ipxact:configurableElementValue>
                <ipxact:configurableElementValue referenceId="PREDIV_MUXC4">&quot;VCO&quot;</ipxact:configurableElementValue>
                <ipxact:configurableElementValue referenceId="PREDIV_MUXC5">&quot;VCO&quot;</ipxact:configurableElementValue>
                <ipxact:configurableElementValue referenceId="PREDIV_MUXC6">&quot;VCO&quot;</ipxact:configurableElementValue>
                <ipxact:configurableElementValue referenceId="DIVOUT_MUXC0">&quot;DIV&quot;</ipxact:configurableElementValue>
                <ipxact:configurableElementValue referenceId="DIVOUT_MUXC1">&quot;DIV&quot;</ipxact:configurableElementValue>
                <ipxact:configurableElementValue referenceId="DIVOUT_MUXC2">&quot;DIV&quot;</ipxact:configurableElementValue>
                <ipxact:configurableElementValue referenceId="DIVOUT_MUXC3">&quot;DIV&quot;</ipxact:configurableElementValue>
                <ipxact:configurableElementValue referenceId="DIVOUT_MUXC4">&quot;DIV&quot;</ipxact:configurableElementValue>
                <ipxact:configurableElementValue referenceId="DIVOUT_MUXC5">&quot;DIV&quot;</ipxact:configurableElementValue>
                <ipxact:configurableElementValue referenceId="DIVOUT_MUXC6">&quot;DIV&quot;</ipxact:configurableElementValue>
                <ipxact:configurableElementValue referenceId="MAIN_MUXC">&quot;MAIN&quot;</ipxact:configurableElementValue>
                <ipxact:configurableElementValue referenceId="CLK_MAIN_ENABLE">&quot;DISABLE&quot;</ipxact:configurableElementValue>
                <ipxact:configurableElementValue referenceId="WORK_MODE">&quot;USER&quot;</ipxact:configurableElementValue>
                <ipxact:configurableElementValue referenceId="PD_DIG">&quot;DISABLE&quot;</ipxact:configurableElementValue>
                <ipxact:configurableElementValue referenceId="REFCLK_USR_RST">&quot;DISABLE&quot;</ipxact:configurableElementValue>
                <ipxact:configurableElementValue referenceId="PHASE_PATH_SEL">0</ipxact:configurableElementValue>
                <ipxact:configurableElementValue referenceId="DYN_CPHASE_CLKC0_DIV2_EN">&quot;DISABLE&quot;</ipxact:configurableElementValue>
                <ipxact:configurableElementValue referenceId="DYN_CPHASE_CLKC1_DIV2_EN">&quot;DISABLE&quot;</ipxact:configurableElementValue>
                <ipxact:configurableElementValue referenceId="DYN_CPHASE_CLKC2_DIV2_EN">&quot;DISABLE&quot;</ipxact:configurableElementValue>
                <ipxact:configurableElementValue referenceId="DYN_CPHASE_CLKC3_DIV2_EN">&quot;DISABLE&quot;</ipxact:configurableElementValue>
                <ipxact:configurableElementValue referenceId="DYN_CPHASE_CLKC4_DIV2_EN">&quot;DISABLE&quot;</ipxact:configurableElementValue>
                <ipxact:configurableElementValue referenceId="DYN_CPHASE_CLKC5_DIV2_EN">&quot;DISABLE&quot;</ipxact:configurableElementValue>
                <ipxact:configurableElementValue referenceId="DYN_CPHASE_CLKC6_DIV2_EN">&quot;DISABLE&quot;</ipxact:configurableElementValue>
                <ipxact:configurableElementValue referenceId="CLKC0_CPHASE_DIV2">&quot;DISABLE&quot;</ipxact:configurableElementValue>
                <ipxact:configurableElementValue referenceId="CLKC1_CPHASE_DIV2">&quot;DISABLE&quot;</ipxact:configurableElementValue>
                <ipxact:configurableElementValue referenceId="CLKC2_CPHASE_DIV2">&quot;DISABLE&quot;</ipxact:configurableElementValue>
                <ipxact:configurableElementValue referenceId="CLKC3_CPHASE_DIV2">&quot;DISABLE&quot;</ipxact:configurableElementValue>
                <ipxact:configurableElementValue referenceId="CLKC4_CPHASE_DIV2">&quot;DISABLE&quot;</ipxact:configurableElementValue>
                <ipxact:configurableElementValue referenceId="CLKC5_CPHASE_DIV2">&quot;DISABLE&quot;</ipxact:configurableElementValue>
                <ipxact:configurableElementValue referenceId="CLKC6_CPHASE_DIV2">&quot;DISABLE&quot;</ipxact:configurableElementValue>
                <ipxact:configurableElementValue referenceId="CLKC0_USR_RST">&quot;ENABLE&quot;</ipxact:configurableElementValue>
                <ipxact:configurableElementValue referenceId="CLKC1_USR_RST">&quot;ENABLE&quot;</ipxact:configurableElementValue>
                <ipxact:configurableElementValue referenceId="REFCLK_OUT_ENABLE">&quot;DISABLE&quot;</ipxact:configurableElementValue>
                <ipxact:configurableElementValue referenceId="REFCLK_DET_BYP">&quot;DISABLE&quot;</ipxact:configurableElementValue>
                <ipxact:configurableElementValue referenceId="DERIVE_PLL_CLOCKS">&quot;DISABLE&quot;</ipxact:configurableElementValue>
                <ipxact:configurableElementValue referenceId="GEN_BASIC_CLOCK">&quot;DISABLE&quot;</ipxact:configurableElementValue>
                <ipxact:configurableElementValue referenceId="DISABLE_SIGN">0</ipxact:configurableElementValue>
                <ipxact:configurableElementValue referenceId="FEEDBK_MODE_IS_NOCOMP">0</ipxact:configurableElementValue>
                <ipxact:configurableElementValue referenceId="INPUT_FREQ_SUM">100.000000</ipxact:configurableElementValue>
                <ipxact:configurableElementValue referenceId="FEED_BACK_MODE_SUM">&quot;Normal&quot;</ipxact:configurableElementValue>
                <ipxact:configurableElementValue referenceId="CLOCK_USED_SUM">&quot;CLK0&quot;</ipxact:configurableElementValue>
                <ipxact:configurableElementValue referenceId="POWER_DOWN_SUM">&quot;DISABLE&quot;</ipxact:configurableElementValue>
                <ipxact:configurableElementValue referenceId="ENABLE_RESET_SUM">&quot;ENABLE&quot;</ipxact:configurableElementValue>
                <ipxact:configurableElementValue referenceId="PLL_LOCK">&quot;ENABLE&quot;</ipxact:configurableElementValue>
                <ipxact:configurableElementValue referenceId="DYNAMIC_COARSE_PS_SUM">&quot;DISABLE&quot;</ipxact:configurableElementValue>
                <ipxact:configurableElementValue referenceId="DYNAMIC_FINE_PS_SUM">&quot;DISABLE&quot;</ipxact:configurableElementValue>
                <ipxact:configurableElementValue referenceId="DYNAMIC_CONFIG_SUM">&quot;DISABLE&quot;</ipxact:configurableElementValue>
                <ipxact:configurableElementValue referenceId="ENABLE_CLOCK_OUT_RESET_SUM">&quot;DISABLE&quot;</ipxact:configurableElementValue>
                <ipxact:configurableElementValue referenceId="BandWidth_setting_SUM">&quot;Medium&quot;</ipxact:configurableElementValue>
                <ipxact:configurableElementValue referenceId="Charge_pump_current_SUM">10</ipxact:configurableElementValue>
                <ipxact:configurableElementValue referenceId="Loop_filter_resistance_SUM">4</ipxact:configurableElementValue>
                <ipxact:configurableElementValue referenceId="Loop_filter_capactiance_SUM">2</ipxact:configurableElementValue>
                <ipxact:configurableElementValue referenceId="KVCO_SUM">0</ipxact:configurableElementValue>
                <ipxact:configurableElementValue referenceId="GMC_gain_SUM">0</ipxact:configurableElementValue>
                <ipxact:configurableElementValue referenceId="FEEDBK_MODE_IS_ZERODELAY">0</ipxact:configurableElementValue>
                <ipxact:configurableElementValue referenceId="clkcb_no_use">1</ipxact:configurableElementValue>
                <ipxact:configurableElementValue referenceId="clkc_en_no_use">1</ipxact:configurableElementValue>
                <ipxact:configurableElementValue referenceId="use_dynamic_phase_shift">0</ipxact:configurableElementValue>
                <ipxact:configurableElementValue referenceId="FBKCLK">&quot;CLKC0_EXT&quot;</ipxact:configurableElementValue>
                <ipxact:configurableElementValue referenceId="VREF_FREQ_DISP">20.0000</ipxact:configurableElementValue>
                <ipxact:configurableElementValue referenceId="use_ssc">0</ipxact:configurableElementValue>
                <ipxact:configurableElementValue referenceId="CLK0_ACTUAL_FREQ_DISP">740.000000</ipxact:configurableElementValue>
                <ipxact:configurableElementValue referenceId="SSC_NONE_DISP">1</ipxact:configurableElementValue>
                <ipxact:configurableElementValue referenceId="problem_sum">0</ipxact:configurableElementValue>
            </ipxact:configurableElementValues>
        </ipxact:componentInstance>
    </ipxact:componentInstances>
    <ipxact:adHocConnections>
        <ipxact:adHocConnection>
            <ipxact:name>refclk</ipxact:name>
            <ipxact:portReferences>
                <ipxact:internalPortReference componentRef="dr1_phy_pll_2a92cb900972_Inst" portRef="refclk"/>
                <ipxact:externalPortReference portRef="refclk"/>
            </ipxact:portReferences>
        </ipxact:adHocConnection>
        <ipxact:adHocConnection>
            <ipxact:name>clk0_out</ipxact:name>
            <ipxact:portReferences>
                <ipxact:internalPortReference componentRef="dr1_phy_pll_2a92cb900972_Inst" portRef="clk0_out"/>
                <ipxact:externalPortReference portRef="clk0_out"/>
            </ipxact:portReferences>
        </ipxact:adHocConnection>
        <ipxact:adHocConnection>
            <ipxact:name>clk1_out</ipxact:name>
            <ipxact:portReferences>
                <ipxact:internalPortReference componentRef="dr1_phy_pll_2a92cb900972_Inst" portRef="clk1_out"/>
                <ipxact:externalPortReference portRef="clk1_out"/>
            </ipxact:portReferences>
        </ipxact:adHocConnection>
        <ipxact:adHocConnection>
            <ipxact:name>lock</ipxact:name>
            <ipxact:portReferences>
                <ipxact:internalPortReference componentRef="dr1_phy_pll_2a92cb900972_Inst" portRef="lock"/>
                <ipxact:externalPortReference portRef="lock"/>
            </ipxact:portReferences>
        </ipxact:adHocConnection>
        <ipxact:adHocConnection>
            <ipxact:name>reset</ipxact:name>
            <ipxact:portReferences>
                <ipxact:internalPortReference componentRef="dr1_phy_pll_2a92cb900972_Inst" portRef="reset"/>
                <ipxact:externalPortReference portRef="reset"/>
            </ipxact:portReferences>
        </ipxact:adHocConnection>
    </ipxact:adHocConnections>
    <ipxact:vendorExtensions>
        <anlogic:device>DR1M90MEG484</anlogic:device>
        <anlogic:displayname>PLLF9F0D0P0_1.0</anlogic:displayname>
        <anlogic:ipGenVersion>1.0</anlogic:ipGenVersion>
    </ipxact:vendorExtensions>
</ipxact:design>
