<?xml version="1.0" encoding="UTF-8"?>
<ipxact:position xmlns:xsi="http" xmlns:ipxact="http" xmlns:anlogic="http" xsi:schemaLocation="http">
    <ipxact:instances>
        <ipxact:instance vendor="anlogic.com" library="ip" name="ARM_Processor_System_0" version="1.0">
            <ipxact:xPos>867.5</ipxact:xPos>
            <ipxact:yPos>379</ipxact:yPos>
            <ipxact:width>289</ipxact:width>
            <ipxact:height>236</ipxact:height>
            <ipxact:isPin>false</ipxact:isPin>
            <ipxact:instBusPorts>
                <ipxact:instBusPort>
                    <ipxact:name>M_AXI_GP0</ipxact:name>
                    <ipxact:isExpanded>false</ipxact:isExpanded>
                </ipxact:instBusPort>
                <ipxact:instBusPort>
                    <ipxact:name>S_AXI_HP0</ipxact:name>
                    <ipxact:isExpanded>false</ipxact:isExpanded>
                </ipxact:instBusPort>
            </ipxact:instBusPorts>
        </ipxact:instance>
        <ipxact:instance vendor="anlogic.com" library="ip" name="VDMA_0" version="1.0">
            <ipxact:xPos>384</ipxact:xPos>
            <ipxact:yPos>680</ipxact:yPos>
            <ipxact:width>360</ipxact:width>
            <ipxact:height>392</ipxact:height>
            <ipxact:isPin>false</ipxact:isPin>
            <ipxact:instBusPorts>
                <ipxact:instBusPort>
                    <ipxact:name>M_AXIS_MM2S</ipxact:name>
                    <ipxact:isExpanded>true</ipxact:isExpanded>
                </ipxact:instBusPort>
                <ipxact:instBusPort>
                    <ipxact:name>M_AXI_MM2S</ipxact:name>
                    <ipxact:isExpanded>false</ipxact:isExpanded>
                </ipxact:instBusPort>
                <ipxact:instBusPort>
                    <ipxact:name>M_AXI_S2MM</ipxact:name>
                    <ipxact:isExpanded>false</ipxact:isExpanded>
                </ipxact:instBusPort>
                <ipxact:instBusPort>
                    <ipxact:name>S_AXIS_S2MM</ipxact:name>
                    <ipxact:isExpanded>false</ipxact:isExpanded>
                </ipxact:instBusPort>
                <ipxact:instBusPort>
                    <ipxact:name>S_AXI_LITE</ipxact:name>
                    <ipxact:isExpanded>false</ipxact:isExpanded>
                </ipxact:instBusPort>
            </ipxact:instBusPorts>
        </ipxact:instance>
        <ipxact:instance vendor="anlogic.com" library="ip" name="PLL_0" version="1.0">
            <ipxact:xPos>1582.5</ipxact:xPos>
            <ipxact:yPos>431</ipxact:yPos>
            <ipxact:width>123</ipxact:width>
            <ipxact:height>132</ipxact:height>
            <ipxact:isPin>false</ipxact:isPin>
            <ipxact:instBusPorts/>
        </ipxact:instance>
        <ipxact:instance vendor="anlogic.com" library="ip" name="Processor_System_Reset_0" version="1.0">
            <ipxact:xPos>1803.5</ipxact:xPos>
            <ipxact:yPos>405</ipxact:yPos>
            <ipxact:width>301</ipxact:width>
            <ipxact:height>184</ipxact:height>
            <ipxact:isPin>false</ipxact:isPin>
            <ipxact:instBusPorts/>
        </ipxact:instance>
        <ipxact:instance vendor="anlogic.com" library="ip" name="Concat_0" version="1.0">
            <ipxact:xPos>484.5</ipxact:xPos>
            <ipxact:yPos>431</ipxact:yPos>
            <ipxact:width>159</ipxact:width>
            <ipxact:height>132</ipxact:height>
            <ipxact:isPin>false</ipxact:isPin>
            <ipxact:instBusPorts/>
        </ipxact:instance>
        <ipxact:instance vendor="anlogic.com" library="ip" name="AXI_Protocol_Converter_0" version="1.0">
            <ipxact:xPos>2322</ipxact:xPos>
            <ipxact:yPos>88</ipxact:yPos>
            <ipxact:width>197</ipxact:width>
            <ipxact:height>132</ipxact:height>
            <ipxact:isPin>false</ipxact:isPin>
            <ipxact:instBusPorts>
                <ipxact:instBusPort>
                    <ipxact:name>DS_AXI</ipxact:name>
                    <ipxact:isExpanded>false</ipxact:isExpanded>
                </ipxact:instBusPort>
                <ipxact:instBusPort>
                    <ipxact:name>US_AXI</ipxact:name>
                    <ipxact:isExpanded>false</ipxact:isExpanded>
                </ipxact:instBusPort>
            </ipxact:instBusPorts>
        </ipxact:instance>
        <ipxact:instance vendor="anlogic.com" library="ip" name="Constant_0" version="1.0">
            <ipxact:xPos>170</ipxact:xPos>
            <ipxact:yPos>457</ipxact:yPos>
            <ipxact:width>90</ipxact:width>
            <ipxact:height>80</ipxact:height>
            <ipxact:isPin>false</ipxact:isPin>
            <ipxact:instBusPorts/>
        </ipxact:instance>
        <ipxact:instance vendor="anlogic.com" library="ip" name="Utility_Vector_Logic_0" version="1.0">
            <ipxact:xPos>1269.5</ipxact:xPos>
            <ipxact:yPos>457</ipxact:yPos>
            <ipxact:width>236</ipxact:width>
            <ipxact:height>80</ipxact:height>
            <ipxact:isPin>false</ipxact:isPin>
            <ipxact:instBusPorts/>
        </ipxact:instance>
        <ipxact:instance vendor="anlogic.com" library="ip" name="AXI_Matrix_0" version="1.0">
            <ipxact:xPos>2318</ipxact:xPos>
            <ipxact:yPos>418</ipxact:yPos>
            <ipxact:width>205</ipxact:width>
            <ipxact:height>158</ipxact:height>
            <ipxact:isPin>false</ipxact:isPin>
            <ipxact:instBusPorts>
                <ipxact:instBusPort>
                    <ipxact:name>DS_AXI0</ipxact:name>
                    <ipxact:isExpanded>false</ipxact:isExpanded>
                </ipxact:instBusPort>
                <ipxact:instBusPort>
                    <ipxact:name>US_AXI0</ipxact:name>
                    <ipxact:isExpanded>false</ipxact:isExpanded>
                </ipxact:instBusPort>
                <ipxact:instBusPort>
                    <ipxact:name>US_AXI1</ipxact:name>
                    <ipxact:isExpanded>false</ipxact:isExpanded>
                </ipxact:instBusPort>
            </ipxact:instBusPorts>
        </ipxact:instance>
        <ipxact:instance vendor="anlogic.com" library="ip" name="AXI4_Stream_to_Video_Out_0" version="1.0">
            <ipxact:xPos>2271.5</ipxact:xPos>
            <ipxact:yPos>667</ipxact:yPos>
            <ipxact:width>298</ipxact:width>
            <ipxact:height>418</ipxact:height>
            <ipxact:isPin>false</ipxact:isPin>
            <ipxact:instBusPorts>
                <ipxact:instBusPort>
                    <ipxact:name>AXIS_Video_In</ipxact:name>
                    <ipxact:isExpanded>false</ipxact:isExpanded>
                </ipxact:instBusPort>
            </ipxact:instBusPorts>
        </ipxact:instance>
        <ipxact:instance vendor="anlogic.com" library="ip" name="dvi_tx_top_0" version="1.0">
            <ipxact:xPos>2729.5</ipxact:xPos>
            <ipxact:yPos>758</ipxact:yPos>
            <ipxact:width>239</ipxact:width>
            <ipxact:height>236</ipxact:height>
            <ipxact:isPin>false</ipxact:isPin>
            <ipxact:instBusPorts/>
        </ipxact:instance>
        <ipxact:instance vendor="anlogic.com" library="ip" name="vtc_0" version="1.0">
            <ipxact:xPos>2796</ipxact:xPos>
            <ipxact:yPos>1174</ipxact:yPos>
            <ipxact:width>106</ipxact:width>
            <ipxact:height>184</ipxact:height>
            <ipxact:isPin>false</ipxact:isPin>
            <ipxact:instBusPorts/>
        </ipxact:instance>
        <ipxact:instance vendor="anlogic.com" library="ip" name="Constant_1" version="1.0">
            <ipxact:xPos>170</ipxact:xPos>
            <ipxact:yPos>836</ipxact:yPos>
            <ipxact:width>90</ipxact:width>
            <ipxact:height>80</ipxact:height>
            <ipxact:isPin>false</ipxact:isPin>
            <ipxact:instBusPorts/>
        </ipxact:instance>
    </ipxact:instances>
    <ipxact:designPorts>
        <ipxact:designPort name="i2c0_sda_oe">
            <ipxact:xPos>3124</ipxact:xPos>
            <ipxact:yPos>444</ipxact:yPos>
            <ipxact:width>15</ipxact:width>
            <ipxact:height>10</ipxact:height>
            <ipxact:isPin>false</ipxact:isPin>
        </ipxact:designPort>
        <ipxact:designPort name="uart0_tx_out">
            <ipxact:xPos>3124</ipxact:xPos>
            <ipxact:yPos>384</ipxact:yPos>
            <ipxact:width>15</ipxact:width>
            <ipxact:height>10</ipxact:height>
            <ipxact:isPin>false</ipxact:isPin>
        </ipxact:designPort>
        <ipxact:designPort name="i2c0_scl_oe">
            <ipxact:xPos>3124</ipxact:xPos>
            <ipxact:yPos>414</ipxact:yPos>
            <ipxact:width>15</ipxact:width>
            <ipxact:height>10</ipxact:height>
            <ipxact:isPin>false</ipxact:isPin>
        </ipxact:designPort>
        <ipxact:designPort name="uart0_rx_in">
            <ipxact:xPos>60.5</ipxact:xPos>
            <ipxact:yPos>384</ipxact:yPos>
            <ipxact:width>15</ipxact:width>
            <ipxact:height>10</ipxact:height>
            <ipxact:isPin>false</ipxact:isPin>
        </ipxact:designPort>
        <ipxact:designPort name="i2c0_scl_in">
            <ipxact:xPos>60.5</ipxact:xPos>
            <ipxact:yPos>414</ipxact:yPos>
            <ipxact:width>15</ipxact:width>
            <ipxact:height>10</ipxact:height>
            <ipxact:isPin>false</ipxact:isPin>
        </ipxact:designPort>
        <ipxact:designPort name="i2c0_sda_in">
            <ipxact:xPos>60.5</ipxact:xPos>
            <ipxact:yPos>444</ipxact:yPos>
            <ipxact:width>15</ipxact:width>
            <ipxact:height>10</ipxact:height>
            <ipxact:isPin>false</ipxact:isPin>
        </ipxact:designPort>
        <ipxact:designPort name="tmds_clk_p">
            <ipxact:xPos>3124</ipxact:xPos>
            <ipxact:yPos>836.667</ipxact:yPos>
            <ipxact:width>15</ipxact:width>
            <ipxact:height>10</ipxact:height>
            <ipxact:isPin>false</ipxact:isPin>
        </ipxact:designPort>
        <ipxact:designPort name="tmds_d_p">
            <ipxact:xPos>3124</ipxact:xPos>
            <ipxact:yPos>915.333</ipxact:yPos>
            <ipxact:width>15</ipxact:width>
            <ipxact:height>10</ipxact:height>
            <ipxact:isPin>false</ipxact:isPin>
        </ipxact:designPort>
    </ipxact:designPorts>
    <ipxact:scrollBar>
        <ipxact:hValue>-172</ipxact:hValue>
        <ipxact:vValue>0</ipxact:vValue>
    </ipxact:scrollBar>
    <ipxact:scale>
        <ipxact:xScale>1</ipxact:xScale>
        <ipxact:yScale>1</ipxact:yScale>
    </ipxact:scale>
</ipxact:position>
