<?xml version="1.0" encoding="UTF-8"?>
<ipxact:design xmlns:xsi="http://www.w3.org/2001/XMLSchema-instance" xmlns:ipxact="http://www.accellera.org/XMLSchema/IPXACT/1685-2014" xmlns:anlogic="http" xsi:schemaLocation="http://www.accellera.org/XMLSchema/IPXACT/1685-2014 http://www.accellera.org/XMLSchema/IPXACT/1685-2014/index.xsd">
    <ipxact:vendor>anlogic.com</ipxact:vendor>
    <ipxact:library>customized</ipxact:library>
    <ipxact:name>design_top_ARM_Processor_System_0</ipxact:name>
    <ipxact:version>1.0</ipxact:version>
    <ipxact:componentInstances>
        <ipxact:componentInstance>
            <ipxact:instanceName>ARM_Processor_System_2264ff21e409_Inst</ipxact:instanceName>
            <ipxact:componentRef vendor="anlogic.com" library="ip" name="ARM_Processor_System_F9F0D0P0" version="1.0"/>
            <ipxact:configurableElementValues>
                <ipxact:configurableElementValue referenceId="F2P_IRQ_Available">1</ipxact:configurableElementValue>
                <ipxact:configurableElementValue referenceId="APU_Core0_PPI_16">0</ipxact:configurableElementValue>
                <ipxact:configurableElementValue referenceId="APU_Core0_PPI_17">0</ipxact:configurableElementValue>
                <ipxact:configurableElementValue referenceId="APU_Core1_PPI_16">0</ipxact:configurableElementValue>
                <ipxact:configurableElementValue referenceId="APU_Core1_PPI_17">0</ipxact:configurableElementValue>
                <ipxact:configurableElementValue referenceId="P2F_IRQ_DMAC_AHB_Available">0</ipxact:configurableElementValue>
                <ipxact:configurableElementValue referenceId="P2F_IRQ_QSPI_Available">0</ipxact:configurableElementValue>
                <ipxact:configurableElementValue referenceId="P2F_IRQ_DDR_Available">0</ipxact:configurableElementValue>
                <ipxact:configurableElementValue referenceId="P2F_IRQ_GPIO0_Available">0</ipxact:configurableElementValue>
                <ipxact:configurableElementValue referenceId="P2F_IRQ_GPIO1_Available">0</ipxact:configurableElementValue>
                <ipxact:configurableElementValue referenceId="P2F_IRQ_SDIO0_Available">0</ipxact:configurableElementValue>
                <ipxact:configurableElementValue referenceId="P2F_IRQ_I2C0_Available">0</ipxact:configurableElementValue>
                <ipxact:configurableElementValue referenceId="P2F_IRQ_UART0_Available">0</ipxact:configurableElementValue>
                <ipxact:configurableElementValue referenceId="Event_interface">0</ipxact:configurableElementValue>
                <ipxact:configurableElementValue referenceId="P2F_Reset0_Available">1</ipxact:configurableElementValue>
                <ipxact:configurableElementValue referenceId="P2F_Reset1_Available">0</ipxact:configurableElementValue>
                <ipxact:configurableElementValue referenceId="P2F_Reset2_Available">0</ipxact:configurableElementValue>
                <ipxact:configurableElementValue referenceId="P2F_Reset3_Available">0</ipxact:configurableElementValue>
                <ipxact:configurableElementValue referenceId="Master_AXI_GP0_Interface">1</ipxact:configurableElementValue>
                <ipxact:configurableElementValue referenceId="Master_AXI_GP1_Interface">0</ipxact:configurableElementValue>
                <ipxact:configurableElementValue referenceId="Slave_AXI_GP0_Interface">0</ipxact:configurableElementValue>
                <ipxact:configurableElementValue referenceId="Slave_AXI_GP1_Interface">0</ipxact:configurableElementValue>
                <ipxact:configurableElementValue referenceId="Slave_AXI_HP0_Interface">1</ipxact:configurableElementValue>
                <ipxact:configurableElementValue referenceId="Slave_AXI_HP0_DATA_WIDTH">64</ipxact:configurableElementValue>
                <ipxact:configurableElementValue referenceId="Slave_AXI_HP1_Interface">0</ipxact:configurableElementValue>
                <ipxact:configurableElementValue referenceId="Slave_AXI_ACP_Interface">0</ipxact:configurableElementValue>
                <ipxact:configurableElementValue referenceId="Peripheral_request_interface0">0</ipxact:configurableElementValue>
                <ipxact:configurableElementValue referenceId="Peripheral_request_interface1">0</ipxact:configurableElementValue>
                <ipxact:configurableElementValue referenceId="Peripheral_request_interface2">0</ipxact:configurableElementValue>
                <ipxact:configurableElementValue referenceId="Peripheral_request_interface3">0</ipxact:configurableElementValue>
                <ipxact:configurableElementValue referenceId="Cross_Trigger_input0">&quot;DISABLED&quot;</ipxact:configurableElementValue>
                <ipxact:configurableElementValue referenceId="Cross_Trigger_input0_CPU0_REQ">0</ipxact:configurableElementValue>
                <ipxact:configurableElementValue referenceId="Cross_Trigger_input0_CPU1_REQ">0</ipxact:configurableElementValue>
                <ipxact:configurableElementValue referenceId="Cross_Trigger_input1">&quot;DISABLED&quot;</ipxact:configurableElementValue>
                <ipxact:configurableElementValue referenceId="Cross_Trigger_input1_CPU0_REQ">0</ipxact:configurableElementValue>
                <ipxact:configurableElementValue referenceId="Cross_Trigger_input1_CPU1_REQ">0</ipxact:configurableElementValue>
                <ipxact:configurableElementValue referenceId="Cross_Trigger_input2">&quot;DISABLED&quot;</ipxact:configurableElementValue>
                <ipxact:configurableElementValue referenceId="Cross_Trigger_input2_CPU0_REQ">0</ipxact:configurableElementValue>
                <ipxact:configurableElementValue referenceId="Cross_Trigger_input2_CPU1_REQ">0</ipxact:configurableElementValue>
                <ipxact:configurableElementValue referenceId="Cross_Trigger_input3">&quot;DISABLED&quot;</ipxact:configurableElementValue>
                <ipxact:configurableElementValue referenceId="Cross_Trigger_input3_CPU0_REQ">0</ipxact:configurableElementValue>
                <ipxact:configurableElementValue referenceId="Cross_Trigger_input3_CPU1_REQ">0</ipxact:configurableElementValue>
                <ipxact:configurableElementValue referenceId="Cross_Trigger_Output0">&quot;DISABLED&quot;</ipxact:configurableElementValue>
                <ipxact:configurableElementValue referenceId="Cross_Trigger_Output0_CPU0_ACK">0</ipxact:configurableElementValue>
                <ipxact:configurableElementValue referenceId="Cross_Trigger_Output0_CPU1_ACK">0</ipxact:configurableElementValue>
                <ipxact:configurableElementValue referenceId="Cross_Trigger_Output1">&quot;DISABLED&quot;</ipxact:configurableElementValue>
                <ipxact:configurableElementValue referenceId="Cross_Trigger_Output1_CPU0_ACK">0</ipxact:configurableElementValue>
                <ipxact:configurableElementValue referenceId="Cross_Trigger_Output1_CPU1_ACK">0</ipxact:configurableElementValue>
                <ipxact:configurableElementValue referenceId="Cross_Trigger_Output2">&quot;DISABLED&quot;</ipxact:configurableElementValue>
                <ipxact:configurableElementValue referenceId="Cross_Trigger_Output2_CPU0_ACK">0</ipxact:configurableElementValue>
                <ipxact:configurableElementValue referenceId="Cross_Trigger_Output2_CPU1_ACK">0</ipxact:configurableElementValue>
                <ipxact:configurableElementValue referenceId="Cross_Trigger_Output3">&quot;DISABLED&quot;</ipxact:configurableElementValue>
                <ipxact:configurableElementValue referenceId="Cross_Trigger_Output3_CPU0_ACK">0</ipxact:configurableElementValue>
                <ipxact:configurableElementValue referenceId="Cross_Trigger_Output3_CPU1_ACK">0</ipxact:configurableElementValue>
                <ipxact:configurableElementValue referenceId="Bank200_IO_Voltage">&quot;LVCMOS 1.8V&quot;</ipxact:configurableElementValue>
                <ipxact:configurableElementValue referenceId="Bank201_IO_Voltage">&quot;LVCMOS 1.8V&quot;</ipxact:configurableElementValue>
                <ipxact:configurableElementValue referenceId="Quad_SPI_Flash_Dot_Enable">1</ipxact:configurableElementValue>
                <ipxact:configurableElementValue referenceId="Quad_SPI_Flash_Dot_IO">&quot;PS IO 1...6&quot;</ipxact:configurableElementValue>
                <ipxact:configurableElementValue referenceId="qspi_ss0_n_Dot_IO">&quot;PS IO 1&quot;</ipxact:configurableElementValue>
                <ipxact:configurableElementValue referenceId="qspi_ss0_n_Dot_Drive_Strength">8</ipxact:configurableElementValue>
                <ipxact:configurableElementValue referenceId="qspi_ss0_n_Dot_Speed">&quot;fast&quot;</ipxact:configurableElementValue>
                <ipxact:configurableElementValue referenceId="qspi_ss0_n_Dot_Pullup">&quot;pullup 25k&quot;</ipxact:configurableElementValue>
                <ipxact:configurableElementValue referenceId="qspi_ss0_n_Dot_Direction">&quot;out&quot;</ipxact:configurableElementValue>
                <ipxact:configurableElementValue referenceId="qspi_ss1_n_Dot_Enable">0</ipxact:configurableElementValue>
                <ipxact:configurableElementValue referenceId="qspi_clk_Dot_IO">&quot;PS IO 6&quot;</ipxact:configurableElementValue>
                <ipxact:configurableElementValue referenceId="qspi_clk_Dot_Drive_Strength">8</ipxact:configurableElementValue>
                <ipxact:configurableElementValue referenceId="qspi_clk_Dot_Speed">&quot;fast&quot;</ipxact:configurableElementValue>
                <ipxact:configurableElementValue referenceId="qspi_clk_Dot_Pullup">&quot;pullup 25k&quot;</ipxact:configurableElementValue>
                <ipxact:configurableElementValue referenceId="qspi_clk_Dot_Direction">&quot;out&quot;</ipxact:configurableElementValue>
                <ipxact:configurableElementValue referenceId="qspi_dq0_Dot_IO">&quot;PS IO 2&quot;</ipxact:configurableElementValue>
                <ipxact:configurableElementValue referenceId="qspi_dq0_Dot_Drive_Strength">8</ipxact:configurableElementValue>
                <ipxact:configurableElementValue referenceId="qspi_dq0_Dot_Speed">&quot;fast&quot;</ipxact:configurableElementValue>
                <ipxact:configurableElementValue referenceId="qspi_dq0_Dot_Pullup">&quot;pullup 25k&quot;</ipxact:configurableElementValue>
                <ipxact:configurableElementValue referenceId="qspi_dq0_Dot_Direction">&quot;inout&quot;</ipxact:configurableElementValue>
                <ipxact:configurableElementValue referenceId="qspi_dq1_Dot_IO">&quot;PS IO 3&quot;</ipxact:configurableElementValue>
                <ipxact:configurableElementValue referenceId="qspi_dq1_Dot_Drive_Strength">8</ipxact:configurableElementValue>
                <ipxact:configurableElementValue referenceId="qspi_dq1_Dot_Speed">&quot;fast&quot;</ipxact:configurableElementValue>
                <ipxact:configurableElementValue referenceId="qspi_dq1_Dot_Pullup">&quot;pullup 25k&quot;</ipxact:configurableElementValue>
                <ipxact:configurableElementValue referenceId="qspi_dq1_Dot_Direction">&quot;inout&quot;</ipxact:configurableElementValue>
                <ipxact:configurableElementValue referenceId="qspi_dq2_Dot_IO">&quot;PS IO 4&quot;</ipxact:configurableElementValue>
                <ipxact:configurableElementValue referenceId="qspi_dq2_Dot_Drive_Strength">8</ipxact:configurableElementValue>
                <ipxact:configurableElementValue referenceId="qspi_dq2_Dot_Speed">&quot;fast&quot;</ipxact:configurableElementValue>
                <ipxact:configurableElementValue referenceId="qspi_dq2_Dot_Pullup">&quot;pullup 25k&quot;</ipxact:configurableElementValue>
                <ipxact:configurableElementValue referenceId="qspi_dq2_Dot_Direction">&quot;inout&quot;</ipxact:configurableElementValue>
                <ipxact:configurableElementValue referenceId="qspi_dq3_Dot_IO">&quot;PS IO 5&quot;</ipxact:configurableElementValue>
                <ipxact:configurableElementValue referenceId="qspi_dq3_Dot_Drive_Strength">8</ipxact:configurableElementValue>
                <ipxact:configurableElementValue referenceId="qspi_dq3_Dot_Speed">&quot;fast&quot;</ipxact:configurableElementValue>
                <ipxact:configurableElementValue referenceId="qspi_dq3_Dot_Pullup">&quot;pullup 25k&quot;</ipxact:configurableElementValue>
                <ipxact:configurableElementValue referenceId="qspi_dq3_Dot_Direction">&quot;inout&quot;</ipxact:configurableElementValue>
                <ipxact:configurableElementValue referenceId="NAND_Flash_Dot_Enable">0</ipxact:configurableElementValue>
                <ipxact:configurableElementValue referenceId="ETH0_Dot_Enable">0</ipxact:configurableElementValue>
                <ipxact:configurableElementValue referenceId="ETH0_MII_GMII_Available">0</ipxact:configurableElementValue>
                <ipxact:configurableElementValue referenceId="ETH0_MII_Available">0</ipxact:configurableElementValue>
                <ipxact:configurableElementValue referenceId="MDIO0_Available">0</ipxact:configurableElementValue>
                <ipxact:configurableElementValue referenceId="PTP0_Available">0</ipxact:configurableElementValue>
                <ipxact:configurableElementValue referenceId="ETH1_Dot_Enable">0</ipxact:configurableElementValue>
                <ipxact:configurableElementValue referenceId="ETH1_MII_GMII_Available">0</ipxact:configurableElementValue>
                <ipxact:configurableElementValue referenceId="ETH1_MII_Available">0</ipxact:configurableElementValue>
                <ipxact:configurableElementValue referenceId="MDIO1_Available">0</ipxact:configurableElementValue>
                <ipxact:configurableElementValue referenceId="PTP1_Available">0</ipxact:configurableElementValue>
                <ipxact:configurableElementValue referenceId="USB0_Dot_Enable">0</ipxact:configurableElementValue>
                <ipxact:configurableElementValue referenceId="USB1_Dot_Enable">0</ipxact:configurableElementValue>
                <ipxact:configurableElementValue referenceId="SD0_Dot_Enable">1</ipxact:configurableElementValue>
                <ipxact:configurableElementValue referenceId="SD0_Dot_IO">&quot;PS IO 40...45&quot;</ipxact:configurableElementValue>
                <ipxact:configurableElementValue referenceId="SD0_Available">0</ipxact:configurableElementValue>
                <ipxact:configurableElementValue referenceId="SD0_clk_Dot_IO">&quot;PS IO 40&quot;</ipxact:configurableElementValue>
                <ipxact:configurableElementValue referenceId="SD0_clk_Dot_Drive_Strength">8</ipxact:configurableElementValue>
                <ipxact:configurableElementValue referenceId="SD0_clk_Dot_Speed">&quot;fast&quot;</ipxact:configurableElementValue>
                <ipxact:configurableElementValue referenceId="SD0_clk_Dot_Pullup">&quot;pullup 25k&quot;</ipxact:configurableElementValue>
                <ipxact:configurableElementValue referenceId="SD0_clk_Dot_Direction">&quot;out&quot;</ipxact:configurableElementValue>
                <ipxact:configurableElementValue referenceId="SD0_cmd_Dot_IO">&quot;PS IO 41&quot;</ipxact:configurableElementValue>
                <ipxact:configurableElementValue referenceId="SD0_cmd_Dot_Drive_Strength">8</ipxact:configurableElementValue>
                <ipxact:configurableElementValue referenceId="SD0_cmd_Dot_Speed">&quot;fast&quot;</ipxact:configurableElementValue>
                <ipxact:configurableElementValue referenceId="SD0_cmd_Dot_Pullup">&quot;pullup 25k&quot;</ipxact:configurableElementValue>
                <ipxact:configurableElementValue referenceId="SD0_cmd_Dot_Direction">&quot;inout&quot;</ipxact:configurableElementValue>
                <ipxact:configurableElementValue referenceId="SD0_d0_Dot_IO">&quot;PS IO 42&quot;</ipxact:configurableElementValue>
                <ipxact:configurableElementValue referenceId="SD0_d0_Dot_Drive_Strength">8</ipxact:configurableElementValue>
                <ipxact:configurableElementValue referenceId="SD0_d0_Dot_Speed">&quot;fast&quot;</ipxact:configurableElementValue>
                <ipxact:configurableElementValue referenceId="SD0_d0_Dot_Pullup">&quot;pullup 25k&quot;</ipxact:configurableElementValue>
                <ipxact:configurableElementValue referenceId="SD0_d0_Dot_Direction">&quot;inout&quot;</ipxact:configurableElementValue>
                <ipxact:configurableElementValue referenceId="SD0_d1_Dot_IO">&quot;PS IO 43&quot;</ipxact:configurableElementValue>
                <ipxact:configurableElementValue referenceId="SD0_d1_Dot_Drive_Strength">8</ipxact:configurableElementValue>
                <ipxact:configurableElementValue referenceId="SD0_d1_Dot_Speed">&quot;fast&quot;</ipxact:configurableElementValue>
                <ipxact:configurableElementValue referenceId="SD0_d1_Dot_Pullup">&quot;pullup 25k&quot;</ipxact:configurableElementValue>
                <ipxact:configurableElementValue referenceId="SD0_d1_Dot_Direction">&quot;inout&quot;</ipxact:configurableElementValue>
                <ipxact:configurableElementValue referenceId="SD0_d2_Dot_IO">&quot;PS IO 44&quot;</ipxact:configurableElementValue>
                <ipxact:configurableElementValue referenceId="SD0_d2_Dot_Drive_Strength">8</ipxact:configurableElementValue>
                <ipxact:configurableElementValue referenceId="SD0_d2_Dot_Speed">&quot;fast&quot;</ipxact:configurableElementValue>
                <ipxact:configurableElementValue referenceId="SD0_d2_Dot_Pullup">&quot;pullup 25k&quot;</ipxact:configurableElementValue>
                <ipxact:configurableElementValue referenceId="SD0_d2_Dot_Direction">&quot;inout&quot;</ipxact:configurableElementValue>
                <ipxact:configurableElementValue referenceId="SD0_d3_Dot_IO">&quot;PS IO 45&quot;</ipxact:configurableElementValue>
                <ipxact:configurableElementValue referenceId="SD0_d3_Dot_Drive_Strength">8</ipxact:configurableElementValue>
                <ipxact:configurableElementValue referenceId="SD0_d3_Dot_Speed">&quot;fast&quot;</ipxact:configurableElementValue>
                <ipxact:configurableElementValue referenceId="SD0_d3_Dot_Pullup">&quot;pullup 25k&quot;</ipxact:configurableElementValue>
                <ipxact:configurableElementValue referenceId="SD0_d3_Dot_Direction">&quot;inout&quot;</ipxact:configurableElementValue>
                <ipxact:configurableElementValue referenceId="SD0_cd_Dot_Enable">0</ipxact:configurableElementValue>
                <ipxact:configurableElementValue referenceId="SD0_cd_Available">0</ipxact:configurableElementValue>
                <ipxact:configurableElementValue referenceId="SD0_wp_Dot_Enable">0</ipxact:configurableElementValue>
                <ipxact:configurableElementValue referenceId="SD0_wp_Available">0</ipxact:configurableElementValue>
                <ipxact:configurableElementValue referenceId="SD0_pwr_Dot_Enable">0</ipxact:configurableElementValue>
                <ipxact:configurableElementValue referenceId="SD0_data_H_Dot_Enable">0</ipxact:configurableElementValue>
                <ipxact:configurableElementValue referenceId="SD0_data_H_Available">0</ipxact:configurableElementValue>
                <ipxact:configurableElementValue referenceId="SD1_Dot_Enable">0</ipxact:configurableElementValue>
                <ipxact:configurableElementValue referenceId="SD1_Available">0</ipxact:configurableElementValue>
                <ipxact:configurableElementValue referenceId="SD1_cd_Available">0</ipxact:configurableElementValue>
                <ipxact:configurableElementValue referenceId="SD1_wp_Available">0</ipxact:configurableElementValue>
                <ipxact:configurableElementValue referenceId="UART0_Dot_Enable">1</ipxact:configurableElementValue>
                <ipxact:configurableElementValue referenceId="UART0_Dot_IO">&quot;PL IO&quot;</ipxact:configurableElementValue>
                <ipxact:configurableElementValue referenceId="UART0_Available">1</ipxact:configurableElementValue>
                <ipxact:configurableElementValue referenceId="UART0_tx_Dot_IO">&quot;PL IO&quot;</ipxact:configurableElementValue>
                <ipxact:configurableElementValue referenceId="UART0_rx_Dot_IO">&quot;PL IO&quot;</ipxact:configurableElementValue>
                <ipxact:configurableElementValue referenceId="UART0_Modem_Signals_Dot_Enable">0</ipxact:configurableElementValue>
                <ipxact:configurableElementValue referenceId="UART1_Dot_Enable">0</ipxact:configurableElementValue>
                <ipxact:configurableElementValue referenceId="UART1_Available">0</ipxact:configurableElementValue>
                <ipxact:configurableElementValue referenceId="I2C0_Dot_Enable">1</ipxact:configurableElementValue>
                <ipxact:configurableElementValue referenceId="I2C0_Dot_IO">&quot;PL IO&quot;</ipxact:configurableElementValue>
                <ipxact:configurableElementValue referenceId="I2C0_Available">1</ipxact:configurableElementValue>
                <ipxact:configurableElementValue referenceId="I2C0_scl_Dot_IO">&quot;PL IO&quot;</ipxact:configurableElementValue>
                <ipxact:configurableElementValue referenceId="I2C0_sda_Dot_IO">&quot;PL IO&quot;</ipxact:configurableElementValue>
                <ipxact:configurableElementValue referenceId="I2C1_Dot_Enable">0</ipxact:configurableElementValue>
                <ipxact:configurableElementValue referenceId="I2C1_Available">0</ipxact:configurableElementValue>
                <ipxact:configurableElementValue referenceId="SPI0_Dot_Enable">0</ipxact:configurableElementValue>
                <ipxact:configurableElementValue referenceId="SPI0_Available">0</ipxact:configurableElementValue>
                <ipxact:configurableElementValue referenceId="SPI1_Dot_Enable">0</ipxact:configurableElementValue>
                <ipxact:configurableElementValue referenceId="SPI1_Available">0</ipxact:configurableElementValue>
                <ipxact:configurableElementValue referenceId="CAN0_Dot_Enable">0</ipxact:configurableElementValue>
                <ipxact:configurableElementValue referenceId="CAN0_Available">0</ipxact:configurableElementValue>
                <ipxact:configurableElementValue referenceId="CAN1_Dot_Enable">0</ipxact:configurableElementValue>
                <ipxact:configurableElementValue referenceId="CAN1_Available">0</ipxact:configurableElementValue>
                <ipxact:configurableElementValue referenceId="GPIO_PS_Dot_Enable">0</ipxact:configurableElementValue>
                <ipxact:configurableElementValue referenceId="GPIO_PS_IO0_Present">1</ipxact:configurableElementValue>
                <ipxact:configurableElementValue referenceId="GPIO_PS_IO1_Present">0</ipxact:configurableElementValue>
                <ipxact:configurableElementValue referenceId="GPIO_PS_IO2_Present">0</ipxact:configurableElementValue>
                <ipxact:configurableElementValue referenceId="GPIO_PS_IO3_Present">0</ipxact:configurableElementValue>
                <ipxact:configurableElementValue referenceId="GPIO_PS_IO4_Present">0</ipxact:configurableElementValue>
                <ipxact:configurableElementValue referenceId="GPIO_PS_IO5_Present">0</ipxact:configurableElementValue>
                <ipxact:configurableElementValue referenceId="GPIO_PS_IO6_Present">0</ipxact:configurableElementValue>
                <ipxact:configurableElementValue referenceId="GPIO_PS_IO7_Present">1</ipxact:configurableElementValue>
                <ipxact:configurableElementValue referenceId="GPIO_PS_IO8_Present">1</ipxact:configurableElementValue>
                <ipxact:configurableElementValue referenceId="GPIO_PS_IO9_Present">1</ipxact:configurableElementValue>
                <ipxact:configurableElementValue referenceId="GPIO_PS_IO10_Present">1</ipxact:configurableElementValue>
                <ipxact:configurableElementValue referenceId="GPIO_PS_IO11_Present">1</ipxact:configurableElementValue>
                <ipxact:configurableElementValue referenceId="GPIO_PS_IO12_Present">1</ipxact:configurableElementValue>
                <ipxact:configurableElementValue referenceId="GPIO_PS_IO13_Present">1</ipxact:configurableElementValue>
                <ipxact:configurableElementValue referenceId="GPIO_PS_IO14_Present">1</ipxact:configurableElementValue>
                <ipxact:configurableElementValue referenceId="GPIO_PS_IO15_Present">1</ipxact:configurableElementValue>
                <ipxact:configurableElementValue referenceId="GPIO_PS_IO16_Present">1</ipxact:configurableElementValue>
                <ipxact:configurableElementValue referenceId="GPIO_PS_IO17_Present">1</ipxact:configurableElementValue>
                <ipxact:configurableElementValue referenceId="GPIO_PS_IO18_Present">1</ipxact:configurableElementValue>
                <ipxact:configurableElementValue referenceId="GPIO_PS_IO19_Present">1</ipxact:configurableElementValue>
                <ipxact:configurableElementValue referenceId="GPIO_PS_IO20_Present">1</ipxact:configurableElementValue>
                <ipxact:configurableElementValue referenceId="GPIO_PS_IO21_Present">1</ipxact:configurableElementValue>
                <ipxact:configurableElementValue referenceId="GPIO_PS_IO22_Present">1</ipxact:configurableElementValue>
                <ipxact:configurableElementValue referenceId="GPIO_PS_IO23_Present">1</ipxact:configurableElementValue>
                <ipxact:configurableElementValue referenceId="GPIO_PS_IO24_Present">1</ipxact:configurableElementValue>
                <ipxact:configurableElementValue referenceId="GPIO_PS_IO25_Present">1</ipxact:configurableElementValue>
                <ipxact:configurableElementValue referenceId="GPIO_PS_IO26_Present">1</ipxact:configurableElementValue>
                <ipxact:configurableElementValue referenceId="GPIO_PS_IO27_Present">1</ipxact:configurableElementValue>
                <ipxact:configurableElementValue referenceId="GPIO_PS_IO28_Present">1</ipxact:configurableElementValue>
                <ipxact:configurableElementValue referenceId="GPIO_PS_IO29_Present">1</ipxact:configurableElementValue>
                <ipxact:configurableElementValue referenceId="GPIO_PS_IO30_Present">1</ipxact:configurableElementValue>
                <ipxact:configurableElementValue referenceId="GPIO_PS_IO31_Present">1</ipxact:configurableElementValue>
                <ipxact:configurableElementValue referenceId="GPIO_PS_IO32_Present">1</ipxact:configurableElementValue>
                <ipxact:configurableElementValue referenceId="GPIO_PS_IO33_Present">1</ipxact:configurableElementValue>
                <ipxact:configurableElementValue referenceId="GPIO_PS_IO34_Present">1</ipxact:configurableElementValue>
                <ipxact:configurableElementValue referenceId="GPIO_PS_IO35_Present">1</ipxact:configurableElementValue>
                <ipxact:configurableElementValue referenceId="GPIO_PS_IO36_Present">1</ipxact:configurableElementValue>
                <ipxact:configurableElementValue referenceId="GPIO_PS_IO37_Present">1</ipxact:configurableElementValue>
                <ipxact:configurableElementValue referenceId="GPIO_PS_IO38_Present">1</ipxact:configurableElementValue>
                <ipxact:configurableElementValue referenceId="GPIO_PS_IO39_Present">1</ipxact:configurableElementValue>
                <ipxact:configurableElementValue referenceId="GPIO_PS_IO40_Present">0</ipxact:configurableElementValue>
                <ipxact:configurableElementValue referenceId="GPIO_PS_IO41_Present">0</ipxact:configurableElementValue>
                <ipxact:configurableElementValue referenceId="GPIO_PS_IO42_Present">0</ipxact:configurableElementValue>
                <ipxact:configurableElementValue referenceId="GPIO_PS_IO43_Present">0</ipxact:configurableElementValue>
                <ipxact:configurableElementValue referenceId="GPIO_PS_IO44_Present">0</ipxact:configurableElementValue>
                <ipxact:configurableElementValue referenceId="GPIO_PS_IO45_Present">0</ipxact:configurableElementValue>
                <ipxact:configurableElementValue referenceId="GPIO_PS_IO46_Present">1</ipxact:configurableElementValue>
                <ipxact:configurableElementValue referenceId="GPIO_PS_IO47_Present">1</ipxact:configurableElementValue>
                <ipxact:configurableElementValue referenceId="GPIO_PS_IO48_Present">1</ipxact:configurableElementValue>
                <ipxact:configurableElementValue referenceId="GPIO_PS_IO49_Present">1</ipxact:configurableElementValue>
                <ipxact:configurableElementValue referenceId="GPIO_PS_IO50_Present">1</ipxact:configurableElementValue>
                <ipxact:configurableElementValue referenceId="GPIO_PS_IO51_Present">1</ipxact:configurableElementValue>
                <ipxact:configurableElementValue referenceId="GPIO_PS_IO52_Present">1</ipxact:configurableElementValue>
                <ipxact:configurableElementValue referenceId="GPIO_PS_IO53_Present">1</ipxact:configurableElementValue>
                <ipxact:configurableElementValue referenceId="GPIO_PL_Dot_Enable">0</ipxact:configurableElementValue>
                <ipxact:configurableElementValue referenceId="Timer0_Dot_Enable">0</ipxact:configurableElementValue>
                <ipxact:configurableElementValue referenceId="Timer0_Available">0</ipxact:configurableElementValue>
                <ipxact:configurableElementValue referenceId="Timer1_Dot_Enable">0</ipxact:configurableElementValue>
                <ipxact:configurableElementValue referenceId="Timer1_Available">0</ipxact:configurableElementValue>
                <ipxact:configurableElementValue referenceId="Watchdog_Dot_Enable">0</ipxact:configurableElementValue>
                <ipxact:configurableElementValue referenceId="Watchdog_Available">0</ipxact:configurableElementValue>
                <ipxact:configurableElementValue referenceId="TRACE_Dot_Enable">0</ipxact:configurableElementValue>
                <ipxact:configurableElementValue referenceId="TRACE_Available">0</ipxact:configurableElementValue>
                <ipxact:configurableElementValue referenceId="TRACE_d_0_1_Available">0</ipxact:configurableElementValue>
                <ipxact:configurableElementValue referenceId="TRACE_d_2_3_Available">0</ipxact:configurableElementValue>
                <ipxact:configurableElementValue referenceId="TRACE_d_4_7_Available">0</ipxact:configurableElementValue>
                <ipxact:configurableElementValue referenceId="TRACE_d_8_15_Available">0</ipxact:configurableElementValue>
                <ipxact:configurableElementValue referenceId="PJTAG_Dot_Enable">0</ipxact:configurableElementValue>
                <ipxact:configurableElementValue referenceId="f_osc">33.33</ipxact:configurableElementValue>
                <ipxact:configurableElementValue referenceId="CPU_Clock_Ratio">&quot;6:2:1&quot;</ipxact:configurableElementValue>
                <ipxact:configurableElementValue referenceId="cpu_speed">2</ipxact:configurableElementValue>
                <ipxact:configurableElementValue referenceId="CPU_Dot_Clock_Source">&quot;CPU PLL&quot;</ipxact:configurableElementValue>
                <ipxact:configurableElementValue referenceId="CPU_Dot_Requested_Frequency">1000</ipxact:configurableElementValue>
                <ipxact:configurableElementValue referenceId="CPU_Dot_Actual_IO_Frequency">999.9</ipxact:configurableElementValue>
                <ipxact:configurableElementValue referenceId="CPU_Dot_Range">&quot;33.33:1000&quot;</ipxact:configurableElementValue>
                <ipxact:configurableElementValue referenceId="CPU_Factor_N">120</ipxact:configurableElementValue>
                <ipxact:configurableElementValue referenceId="CPU_Factor_M">2</ipxact:configurableElementValue>
                <ipxact:configurableElementValue referenceId="CPU_Factor_C">2</ipxact:configurableElementValue>
                <ipxact:configurableElementValue referenceId="CPU_gm_cell">1</ipxact:configurableElementValue>
                <ipxact:configurableElementValue referenceId="CPU_icp">10</ipxact:configurableElementValue>
                <ipxact:configurableElementValue referenceId="CPU_kvco">0</ipxact:configurableElementValue>
                <ipxact:configurableElementValue referenceId="CPU_lpf_cap">2</ipxact:configurableElementValue>
                <ipxact:configurableElementValue referenceId="CPU_lpf_res">4</ipxact:configurableElementValue>
                <ipxact:configurableElementValue referenceId="IO_1000_Actual">999.9</ipxact:configurableElementValue>
                <ipxact:configurableElementValue referenceId="IO_400_Actual">399.96</ipxact:configurableElementValue>
                <ipxact:configurableElementValue referenceId="IO_80_Actual">79.992</ipxact:configurableElementValue>
                <ipxact:configurableElementValue referenceId="IO_25_Actual">24.9975</ipxact:configurableElementValue>
                <ipxact:configurableElementValue referenceId="IO_Factor_N">120</ipxact:configurableElementValue>
                <ipxact:configurableElementValue referenceId="IO_Factor_M">2</ipxact:configurableElementValue>
                <ipxact:configurableElementValue referenceId="IO1000_Factor_C">2</ipxact:configurableElementValue>
                <ipxact:configurableElementValue referenceId="IO400_Factor_C">5</ipxact:configurableElementValue>
                <ipxact:configurableElementValue referenceId="IO80_Factor_C">25</ipxact:configurableElementValue>
                <ipxact:configurableElementValue referenceId="IO25_Factor_C">80</ipxact:configurableElementValue>
                <ipxact:configurableElementValue referenceId="IO_gm_cell">1</ipxact:configurableElementValue>
                <ipxact:configurableElementValue referenceId="IO_icp">10</ipxact:configurableElementValue>
                <ipxact:configurableElementValue referenceId="IO_kvco">0</ipxact:configurableElementValue>
                <ipxact:configurableElementValue referenceId="IO_lpf_cap">2</ipxact:configurableElementValue>
                <ipxact:configurableElementValue referenceId="IO_lpf_res">4</ipxact:configurableElementValue>
                <ipxact:configurableElementValue referenceId="SD0_Dot_Clock_Source">&quot;IO PLL&quot;</ipxact:configurableElementValue>
                <ipxact:configurableElementValue referenceId="SD0_Dot_Requested_Frequency">50</ipxact:configurableElementValue>
                <ipxact:configurableElementValue referenceId="SD0_Dot_Actual_Inside_Frequency">399.96</ipxact:configurableElementValue>
                <ipxact:configurableElementValue referenceId="SD0_Dot_Actual_IO_Frequency">49.995</ipxact:configurableElementValue>
                <ipxact:configurableElementValue referenceId="SD0_Dot_Range">&quot;0.4:100&quot;</ipxact:configurableElementValue>
                <ipxact:configurableElementValue referenceId="SD0_1st_Divisor">1</ipxact:configurableElementValue>
                <ipxact:configurableElementValue referenceId="SD0_2nd_Divisor">2</ipxact:configurableElementValue>
                <ipxact:configurableElementValue referenceId="QSPI_Dot_Clock_Source">&quot;IO PLL&quot;</ipxact:configurableElementValue>
                <ipxact:configurableElementValue referenceId="QSPI_Dot_Requested_Frequency">50</ipxact:configurableElementValue>
                <ipxact:configurableElementValue referenceId="QSPI_Dot_Actual_Inside_Frequency">99.99</ipxact:configurableElementValue>
                <ipxact:configurableElementValue referenceId="QSPI_Dot_Actual_IO_Frequency">49.995</ipxact:configurableElementValue>
                <ipxact:configurableElementValue referenceId="QSPI_Dot_Range">&quot;0.000238:166.66&quot;</ipxact:configurableElementValue>
                <ipxact:configurableElementValue referenceId="QSPI_1st_Divisor">10</ipxact:configurableElementValue>
                <ipxact:configurableElementValue referenceId="QSPI_2nd_Divisor">2</ipxact:configurableElementValue>
                <ipxact:configurableElementValue referenceId="I2C0_Dot_Clock_Source">&quot;IO PLL&quot;</ipxact:configurableElementValue>
                <ipxact:configurableElementValue referenceId="I2C0_Dot_Requested_Frequency">0.1</ipxact:configurableElementValue>
                <ipxact:configurableElementValue referenceId="I2C0_Dot_Actual_Inside_Frequency">99.99</ipxact:configurableElementValue>
                <ipxact:configurableElementValue referenceId="I2C0_Dot_Actual_IO_Frequency">0.1</ipxact:configurableElementValue>
                <ipxact:configurableElementValue referenceId="UART0_Dot_Clock_Source">&quot;IO PLL&quot;</ipxact:configurableElementValue>
                <ipxact:configurableElementValue referenceId="UART0_Dot_Requested_Frequency">115200</ipxact:configurableElementValue>
                <ipxact:configurableElementValue referenceId="UART0_Dot_Actual_Inside_Frequency">49.995</ipxact:configurableElementValue>
                <ipxact:configurableElementValue referenceId="UART0_Dot_Actual_IO_Frequency">115200</ipxact:configurableElementValue>
                <ipxact:configurableElementValue referenceId="UART_1st_Divisor">8</ipxact:configurableElementValue>
                <ipxact:configurableElementValue referenceId="Internal_ETH0_PTP_Clk">0</ipxact:configurableElementValue>
                <ipxact:configurableElementValue referenceId="Internal_ETH1_PTP_Clk">0</ipxact:configurableElementValue>
                <ipxact:configurableElementValue referenceId="p2f_clk0_Dot_Clock_Source">&quot;IO PLL&quot;</ipxact:configurableElementValue>
                <ipxact:configurableElementValue referenceId="p2f_clk0_Dot_Requested_Frequency">100</ipxact:configurableElementValue>
                <ipxact:configurableElementValue referenceId="p2f_clk0_Dot_Actual_IO_Frequency">99.99</ipxact:configurableElementValue>
                <ipxact:configurableElementValue referenceId="p2f_clk0_Dot_Range">&quot;6.25:200&quot;</ipxact:configurableElementValue>
                <ipxact:configurableElementValue referenceId="p2f_clk0_1st_Divisor">4</ipxact:configurableElementValue>
                <ipxact:configurableElementValue referenceId="p2f_clk1_Dot_Enable">0</ipxact:configurableElementValue>
                <ipxact:configurableElementValue referenceId="p2f_clk2_Dot_Enable">0</ipxact:configurableElementValue>
                <ipxact:configurableElementValue referenceId="p2f_clk3_Dot_Enable">0</ipxact:configurableElementValue>
                <ipxact:configurableElementValue referenceId="NPU_Dot_Enable">&quot;Disable&quot;</ipxact:configurableElementValue>
                <ipxact:configurableElementValue referenceId="DDRC_EN">1</ipxact:configurableElementValue>
                <ipxact:configurableElementValue referenceId="DDRC_DDR_TYPE">&quot;DDR3&quot;</ipxact:configurableElementValue>
                <ipxact:configurableElementValue referenceId="DDRC_DDR_SPEED">1333</ipxact:configurableElementValue>
                <ipxact:configurableElementValue referenceId="DDRC_DQ_WIDTH">16</ipxact:configurableElementValue>
                <ipxact:configurableElementValue referenceId="DDRC_IO_VOL">1.35</ipxact:configurableElementValue>
                <ipxact:configurableElementValue referenceId="DDRC_VREF">&quot;Internal&quot;</ipxact:configurableElementValue>
                <ipxact:configurableElementValue referenceId="DDRC_PZQ_CONF">0</ipxact:configurableElementValue>
                <ipxact:configurableElementValue referenceId="DDRC_COMP_TYPE">&quot;x16&quot;</ipxact:configurableElementValue>
                <ipxact:configurableElementValue referenceId="DDRC_COMP_DENSITY">4096</ipxact:configurableElementValue>
                <ipxact:configurableElementValue referenceId="DDRC_SPEED_BIN">&quot;DDR3_1333G&quot;</ipxact:configurableElementValue>
                <ipxact:configurableElementValue referenceId="GEN_ECC_EN">1</ipxact:configurableElementValue>
                <ipxact:configurableElementValue referenceId="DDRC_ECC_EN">&quot;NONE&quot;</ipxact:configurableElementValue>
                <ipxact:configurableElementValue referenceId="DDRC_WDM_WDBI">&quot;NONE&quot;</ipxact:configurableElementValue>
                <ipxact:configurableElementValue referenceId="GEN_RDBI_EN">0</ipxact:configurableElementValue>
                <ipxact:configurableElementValue referenceId="DDRC_ADDR_MAP">&quot;ROW_COL_BANK&quot;</ipxact:configurableElementValue>
                <ipxact:configurableElementValue referenceId="DDRC_TRAINING_EN">1</ipxact:configurableElementValue>
                <ipxact:configurableElementValue referenceId="DDRC_DELAY_B0">0</ipxact:configurableElementValue>
                <ipxact:configurableElementValue referenceId="GEN_DELAY_B1">1</ipxact:configurableElementValue>
                <ipxact:configurableElementValue referenceId="DDRC_DELAY_B1">0</ipxact:configurableElementValue>
                <ipxact:configurableElementValue referenceId="GEN_DELAY_B2">0</ipxact:configurableElementValue>
                <ipxact:configurableElementValue referenceId="GEN_DELAY_B3">0</ipxact:configurableElementValue>
            </ipxact:configurableElementValues>
        </ipxact:componentInstance>
    </ipxact:componentInstances>
    <ipxact:adHocConnections>
        <ipxact:adHocConnection>
            <ipxact:name>slave_hp0_axi_aclk</ipxact:name>
            <ipxact:portReferences>
                <ipxact:internalPortReference componentRef="ARM_Processor_System_2264ff21e409_Inst" portRef="slave_hp0_axi_aclk"/>
                <ipxact:externalPortReference portRef="slave_hp0_axi_aclk"/>
            </ipxact:portReferences>
        </ipxact:adHocConnection>
        <ipxact:adHocConnection>
            <ipxact:name>slave_hp0_axi_araddr</ipxact:name>
            <ipxact:portReferences>
                <ipxact:internalPortReference componentRef="ARM_Processor_System_2264ff21e409_Inst" portRef="slave_hp0_axi_araddr"/>
                <ipxact:externalPortReference portRef="slave_hp0_axi_araddr"/>
            </ipxact:portReferences>
        </ipxact:adHocConnection>
        <ipxact:adHocConnection>
            <ipxact:name>slave_hp0_axi_arburst</ipxact:name>
            <ipxact:portReferences>
                <ipxact:internalPortReference componentRef="ARM_Processor_System_2264ff21e409_Inst" portRef="slave_hp0_axi_arburst"/>
                <ipxact:externalPortReference portRef="slave_hp0_axi_arburst"/>
            </ipxact:portReferences>
        </ipxact:adHocConnection>
        <ipxact:adHocConnection>
            <ipxact:name>slave_hp0_axi_arcache</ipxact:name>
            <ipxact:portReferences>
                <ipxact:internalPortReference componentRef="ARM_Processor_System_2264ff21e409_Inst" portRef="slave_hp0_axi_arcache"/>
                <ipxact:externalPortReference portRef="slave_hp0_axi_arcache"/>
            </ipxact:portReferences>
        </ipxact:adHocConnection>
        <ipxact:adHocConnection>
            <ipxact:name>slave_hp0_axi_arid</ipxact:name>
            <ipxact:portReferences>
                <ipxact:internalPortReference componentRef="ARM_Processor_System_2264ff21e409_Inst" portRef="slave_hp0_axi_arid"/>
                <ipxact:externalPortReference portRef="slave_hp0_axi_arid"/>
            </ipxact:portReferences>
        </ipxact:adHocConnection>
        <ipxact:adHocConnection>
            <ipxact:name>slave_hp0_axi_arlen</ipxact:name>
            <ipxact:portReferences>
                <ipxact:internalPortReference componentRef="ARM_Processor_System_2264ff21e409_Inst" portRef="slave_hp0_axi_arlen"/>
                <ipxact:externalPortReference portRef="slave_hp0_axi_arlen"/>
            </ipxact:portReferences>
        </ipxact:adHocConnection>
        <ipxact:adHocConnection>
            <ipxact:name>slave_hp0_axi_arlock</ipxact:name>
            <ipxact:portReferences>
                <ipxact:internalPortReference componentRef="ARM_Processor_System_2264ff21e409_Inst" portRef="slave_hp0_axi_arlock"/>
                <ipxact:externalPortReference portRef="slave_hp0_axi_arlock"/>
            </ipxact:portReferences>
        </ipxact:adHocConnection>
        <ipxact:adHocConnection>
            <ipxact:name>slave_hp0_axi_arprot</ipxact:name>
            <ipxact:portReferences>
                <ipxact:internalPortReference componentRef="ARM_Processor_System_2264ff21e409_Inst" portRef="slave_hp0_axi_arprot"/>
                <ipxact:externalPortReference portRef="slave_hp0_axi_arprot"/>
            </ipxact:portReferences>
        </ipxact:adHocConnection>
        <ipxact:adHocConnection>
            <ipxact:name>slave_hp0_axi_arqos</ipxact:name>
            <ipxact:portReferences>
                <ipxact:internalPortReference componentRef="ARM_Processor_System_2264ff21e409_Inst" portRef="slave_hp0_axi_arqos"/>
                <ipxact:externalPortReference portRef="slave_hp0_axi_arqos"/>
            </ipxact:portReferences>
        </ipxact:adHocConnection>
        <ipxact:adHocConnection>
            <ipxact:name>slave_hp0_axi_arready</ipxact:name>
            <ipxact:portReferences>
                <ipxact:internalPortReference componentRef="ARM_Processor_System_2264ff21e409_Inst" portRef="slave_hp0_axi_arready"/>
                <ipxact:externalPortReference portRef="slave_hp0_axi_arready"/>
            </ipxact:portReferences>
        </ipxact:adHocConnection>
        <ipxact:adHocConnection>
            <ipxact:name>slave_hp0_axi_arsize</ipxact:name>
            <ipxact:portReferences>
                <ipxact:internalPortReference componentRef="ARM_Processor_System_2264ff21e409_Inst" portRef="slave_hp0_axi_arsize"/>
                <ipxact:externalPortReference portRef="slave_hp0_axi_arsize"/>
            </ipxact:portReferences>
        </ipxact:adHocConnection>
        <ipxact:adHocConnection>
            <ipxact:name>slave_hp0_axi_arvalid</ipxact:name>
            <ipxact:portReferences>
                <ipxact:internalPortReference componentRef="ARM_Processor_System_2264ff21e409_Inst" portRef="slave_hp0_axi_arvalid"/>
                <ipxact:externalPortReference portRef="slave_hp0_axi_arvalid"/>
            </ipxact:portReferences>
        </ipxact:adHocConnection>
        <ipxact:adHocConnection>
            <ipxact:name>slave_hp0_axi_awaddr</ipxact:name>
            <ipxact:portReferences>
                <ipxact:internalPortReference componentRef="ARM_Processor_System_2264ff21e409_Inst" portRef="slave_hp0_axi_awaddr"/>
                <ipxact:externalPortReference portRef="slave_hp0_axi_awaddr"/>
            </ipxact:portReferences>
        </ipxact:adHocConnection>
        <ipxact:adHocConnection>
            <ipxact:name>slave_hp0_axi_awburst</ipxact:name>
            <ipxact:portReferences>
                <ipxact:internalPortReference componentRef="ARM_Processor_System_2264ff21e409_Inst" portRef="slave_hp0_axi_awburst"/>
                <ipxact:externalPortReference portRef="slave_hp0_axi_awburst"/>
            </ipxact:portReferences>
        </ipxact:adHocConnection>
        <ipxact:adHocConnection>
            <ipxact:name>slave_hp0_axi_awcache</ipxact:name>
            <ipxact:portReferences>
                <ipxact:internalPortReference componentRef="ARM_Processor_System_2264ff21e409_Inst" portRef="slave_hp0_axi_awcache"/>
                <ipxact:externalPortReference portRef="slave_hp0_axi_awcache"/>
            </ipxact:portReferences>
        </ipxact:adHocConnection>
        <ipxact:adHocConnection>
            <ipxact:name>slave_hp0_axi_awid</ipxact:name>
            <ipxact:portReferences>
                <ipxact:internalPortReference componentRef="ARM_Processor_System_2264ff21e409_Inst" portRef="slave_hp0_axi_awid"/>
                <ipxact:externalPortReference portRef="slave_hp0_axi_awid"/>
            </ipxact:portReferences>
        </ipxact:adHocConnection>
        <ipxact:adHocConnection>
            <ipxact:name>slave_hp0_axi_awlen</ipxact:name>
            <ipxact:portReferences>
                <ipxact:internalPortReference componentRef="ARM_Processor_System_2264ff21e409_Inst" portRef="slave_hp0_axi_awlen"/>
                <ipxact:externalPortReference portRef="slave_hp0_axi_awlen"/>
            </ipxact:portReferences>
        </ipxact:adHocConnection>
        <ipxact:adHocConnection>
            <ipxact:name>slave_hp0_axi_awlock</ipxact:name>
            <ipxact:portReferences>
                <ipxact:internalPortReference componentRef="ARM_Processor_System_2264ff21e409_Inst" portRef="slave_hp0_axi_awlock"/>
                <ipxact:externalPortReference portRef="slave_hp0_axi_awlock"/>
            </ipxact:portReferences>
        </ipxact:adHocConnection>
        <ipxact:adHocConnection>
            <ipxact:name>slave_hp0_axi_awprot</ipxact:name>
            <ipxact:portReferences>
                <ipxact:internalPortReference componentRef="ARM_Processor_System_2264ff21e409_Inst" portRef="slave_hp0_axi_awprot"/>
                <ipxact:externalPortReference portRef="slave_hp0_axi_awprot"/>
            </ipxact:portReferences>
        </ipxact:adHocConnection>
        <ipxact:adHocConnection>
            <ipxact:name>slave_hp0_axi_awqos</ipxact:name>
            <ipxact:portReferences>
                <ipxact:internalPortReference componentRef="ARM_Processor_System_2264ff21e409_Inst" portRef="slave_hp0_axi_awqos"/>
                <ipxact:externalPortReference portRef="slave_hp0_axi_awqos"/>
            </ipxact:portReferences>
        </ipxact:adHocConnection>
        <ipxact:adHocConnection>
            <ipxact:name>slave_hp0_axi_awready</ipxact:name>
            <ipxact:portReferences>
                <ipxact:internalPortReference componentRef="ARM_Processor_System_2264ff21e409_Inst" portRef="slave_hp0_axi_awready"/>
                <ipxact:externalPortReference portRef="slave_hp0_axi_awready"/>
            </ipxact:portReferences>
        </ipxact:adHocConnection>
        <ipxact:adHocConnection>
            <ipxact:name>slave_hp0_axi_awsize</ipxact:name>
            <ipxact:portReferences>
                <ipxact:internalPortReference componentRef="ARM_Processor_System_2264ff21e409_Inst" portRef="slave_hp0_axi_awsize"/>
                <ipxact:externalPortReference portRef="slave_hp0_axi_awsize"/>
            </ipxact:portReferences>
        </ipxact:adHocConnection>
        <ipxact:adHocConnection>
            <ipxact:name>slave_hp0_axi_awvalid</ipxact:name>
            <ipxact:portReferences>
                <ipxact:internalPortReference componentRef="ARM_Processor_System_2264ff21e409_Inst" portRef="slave_hp0_axi_awvalid"/>
                <ipxact:externalPortReference portRef="slave_hp0_axi_awvalid"/>
            </ipxact:portReferences>
        </ipxact:adHocConnection>
        <ipxact:adHocConnection>
            <ipxact:name>slave_hp0_axi_bid</ipxact:name>
            <ipxact:portReferences>
                <ipxact:internalPortReference componentRef="ARM_Processor_System_2264ff21e409_Inst" portRef="slave_hp0_axi_bid"/>
                <ipxact:externalPortReference portRef="slave_hp0_axi_bid"/>
            </ipxact:portReferences>
        </ipxact:adHocConnection>
        <ipxact:adHocConnection>
            <ipxact:name>slave_hp0_axi_bready</ipxact:name>
            <ipxact:portReferences>
                <ipxact:internalPortReference componentRef="ARM_Processor_System_2264ff21e409_Inst" portRef="slave_hp0_axi_bready"/>
                <ipxact:externalPortReference portRef="slave_hp0_axi_bready"/>
            </ipxact:portReferences>
        </ipxact:adHocConnection>
        <ipxact:adHocConnection>
            <ipxact:name>slave_hp0_axi_bresp</ipxact:name>
            <ipxact:portReferences>
                <ipxact:internalPortReference componentRef="ARM_Processor_System_2264ff21e409_Inst" portRef="slave_hp0_axi_bresp"/>
                <ipxact:externalPortReference portRef="slave_hp0_axi_bresp"/>
            </ipxact:portReferences>
        </ipxact:adHocConnection>
        <ipxact:adHocConnection>
            <ipxact:name>slave_hp0_axi_bvalid</ipxact:name>
            <ipxact:portReferences>
                <ipxact:internalPortReference componentRef="ARM_Processor_System_2264ff21e409_Inst" portRef="slave_hp0_axi_bvalid"/>
                <ipxact:externalPortReference portRef="slave_hp0_axi_bvalid"/>
            </ipxact:portReferences>
        </ipxact:adHocConnection>
        <ipxact:adHocConnection>
            <ipxact:name>slave_hp0_axi_rdata</ipxact:name>
            <ipxact:portReferences>
                <ipxact:internalPortReference componentRef="ARM_Processor_System_2264ff21e409_Inst" portRef="slave_hp0_axi_rdata"/>
                <ipxact:externalPortReference portRef="slave_hp0_axi_rdata"/>
            </ipxact:portReferences>
        </ipxact:adHocConnection>
        <ipxact:adHocConnection>
            <ipxact:name>slave_hp0_axi_rid</ipxact:name>
            <ipxact:portReferences>
                <ipxact:internalPortReference componentRef="ARM_Processor_System_2264ff21e409_Inst" portRef="slave_hp0_axi_rid"/>
                <ipxact:externalPortReference portRef="slave_hp0_axi_rid"/>
            </ipxact:portReferences>
        </ipxact:adHocConnection>
        <ipxact:adHocConnection>
            <ipxact:name>slave_hp0_axi_rlast</ipxact:name>
            <ipxact:portReferences>
                <ipxact:internalPortReference componentRef="ARM_Processor_System_2264ff21e409_Inst" portRef="slave_hp0_axi_rlast"/>
                <ipxact:externalPortReference portRef="slave_hp0_axi_rlast"/>
            </ipxact:portReferences>
        </ipxact:adHocConnection>
        <ipxact:adHocConnection>
            <ipxact:name>slave_hp0_axi_rready</ipxact:name>
            <ipxact:portReferences>
                <ipxact:internalPortReference componentRef="ARM_Processor_System_2264ff21e409_Inst" portRef="slave_hp0_axi_rready"/>
                <ipxact:externalPortReference portRef="slave_hp0_axi_rready"/>
            </ipxact:portReferences>
        </ipxact:adHocConnection>
        <ipxact:adHocConnection>
            <ipxact:name>slave_hp0_axi_rresp</ipxact:name>
            <ipxact:portReferences>
                <ipxact:internalPortReference componentRef="ARM_Processor_System_2264ff21e409_Inst" portRef="slave_hp0_axi_rresp"/>
                <ipxact:externalPortReference portRef="slave_hp0_axi_rresp"/>
            </ipxact:portReferences>
        </ipxact:adHocConnection>
        <ipxact:adHocConnection>
            <ipxact:name>slave_hp0_axi_rvalid</ipxact:name>
            <ipxact:portReferences>
                <ipxact:internalPortReference componentRef="ARM_Processor_System_2264ff21e409_Inst" portRef="slave_hp0_axi_rvalid"/>
                <ipxact:externalPortReference portRef="slave_hp0_axi_rvalid"/>
            </ipxact:portReferences>
        </ipxact:adHocConnection>
        <ipxact:adHocConnection>
            <ipxact:name>slave_hp0_axi_wdata</ipxact:name>
            <ipxact:portReferences>
                <ipxact:internalPortReference componentRef="ARM_Processor_System_2264ff21e409_Inst" portRef="slave_hp0_axi_wdata"/>
                <ipxact:externalPortReference portRef="slave_hp0_axi_wdata"/>
            </ipxact:portReferences>
        </ipxact:adHocConnection>
        <ipxact:adHocConnection>
            <ipxact:name>slave_hp0_axi_wlast</ipxact:name>
            <ipxact:portReferences>
                <ipxact:internalPortReference componentRef="ARM_Processor_System_2264ff21e409_Inst" portRef="slave_hp0_axi_wlast"/>
                <ipxact:externalPortReference portRef="slave_hp0_axi_wlast"/>
            </ipxact:portReferences>
        </ipxact:adHocConnection>
        <ipxact:adHocConnection>
            <ipxact:name>slave_hp0_axi_wready</ipxact:name>
            <ipxact:portReferences>
                <ipxact:internalPortReference componentRef="ARM_Processor_System_2264ff21e409_Inst" portRef="slave_hp0_axi_wready"/>
                <ipxact:externalPortReference portRef="slave_hp0_axi_wready"/>
            </ipxact:portReferences>
        </ipxact:adHocConnection>
        <ipxact:adHocConnection>
            <ipxact:name>slave_hp0_axi_wstrb</ipxact:name>
            <ipxact:portReferences>
                <ipxact:internalPortReference componentRef="ARM_Processor_System_2264ff21e409_Inst" portRef="slave_hp0_axi_wstrb"/>
                <ipxact:externalPortReference portRef="slave_hp0_axi_wstrb"/>
            </ipxact:portReferences>
        </ipxact:adHocConnection>
        <ipxact:adHocConnection>
            <ipxact:name>slave_hp0_axi_wvalid</ipxact:name>
            <ipxact:portReferences>
                <ipxact:internalPortReference componentRef="ARM_Processor_System_2264ff21e409_Inst" portRef="slave_hp0_axi_wvalid"/>
                <ipxact:externalPortReference portRef="slave_hp0_axi_wvalid"/>
            </ipxact:portReferences>
        </ipxact:adHocConnection>
        <ipxact:adHocConnection>
            <ipxact:name>master_gp0_axi_aclk</ipxact:name>
            <ipxact:portReferences>
                <ipxact:internalPortReference componentRef="ARM_Processor_System_2264ff21e409_Inst" portRef="master_gp0_axi_aclk"/>
                <ipxact:externalPortReference portRef="master_gp0_axi_aclk"/>
            </ipxact:portReferences>
        </ipxact:adHocConnection>
        <ipxact:adHocConnection>
            <ipxact:name>master_gp0_axi_araddr</ipxact:name>
            <ipxact:portReferences>
                <ipxact:internalPortReference componentRef="ARM_Processor_System_2264ff21e409_Inst" portRef="master_gp0_axi_araddr"/>
                <ipxact:externalPortReference portRef="master_gp0_axi_araddr"/>
            </ipxact:portReferences>
        </ipxact:adHocConnection>
        <ipxact:adHocConnection>
            <ipxact:name>master_gp0_axi_arburst</ipxact:name>
            <ipxact:portReferences>
                <ipxact:internalPortReference componentRef="ARM_Processor_System_2264ff21e409_Inst" portRef="master_gp0_axi_arburst"/>
                <ipxact:externalPortReference portRef="master_gp0_axi_arburst"/>
            </ipxact:portReferences>
        </ipxact:adHocConnection>
        <ipxact:adHocConnection>
            <ipxact:name>master_gp0_axi_arcache</ipxact:name>
            <ipxact:portReferences>
                <ipxact:internalPortReference componentRef="ARM_Processor_System_2264ff21e409_Inst" portRef="master_gp0_axi_arcache"/>
                <ipxact:externalPortReference portRef="master_gp0_axi_arcache"/>
            </ipxact:portReferences>
        </ipxact:adHocConnection>
        <ipxact:adHocConnection>
            <ipxact:name>master_gp0_axi_arid</ipxact:name>
            <ipxact:portReferences>
                <ipxact:internalPortReference componentRef="ARM_Processor_System_2264ff21e409_Inst" portRef="master_gp0_axi_arid"/>
                <ipxact:externalPortReference portRef="master_gp0_axi_arid"/>
            </ipxact:portReferences>
        </ipxact:adHocConnection>
        <ipxact:adHocConnection>
            <ipxact:name>master_gp0_axi_arlen</ipxact:name>
            <ipxact:portReferences>
                <ipxact:internalPortReference componentRef="ARM_Processor_System_2264ff21e409_Inst" portRef="master_gp0_axi_arlen"/>
                <ipxact:externalPortReference portRef="master_gp0_axi_arlen"/>
            </ipxact:portReferences>
        </ipxact:adHocConnection>
        <ipxact:adHocConnection>
            <ipxact:name>master_gp0_axi_arlock</ipxact:name>
            <ipxact:portReferences>
                <ipxact:internalPortReference componentRef="ARM_Processor_System_2264ff21e409_Inst" portRef="master_gp0_axi_arlock"/>
                <ipxact:externalPortReference portRef="master_gp0_axi_arlock"/>
            </ipxact:portReferences>
        </ipxact:adHocConnection>
        <ipxact:adHocConnection>
            <ipxact:name>master_gp0_axi_arprot</ipxact:name>
            <ipxact:portReferences>
                <ipxact:internalPortReference componentRef="ARM_Processor_System_2264ff21e409_Inst" portRef="master_gp0_axi_arprot"/>
                <ipxact:externalPortReference portRef="master_gp0_axi_arprot"/>
            </ipxact:portReferences>
        </ipxact:adHocConnection>
        <ipxact:adHocConnection>
            <ipxact:name>master_gp0_axi_arready</ipxact:name>
            <ipxact:portReferences>
                <ipxact:internalPortReference componentRef="ARM_Processor_System_2264ff21e409_Inst" portRef="master_gp0_axi_arready"/>
                <ipxact:externalPortReference portRef="master_gp0_axi_arready"/>
            </ipxact:portReferences>
        </ipxact:adHocConnection>
        <ipxact:adHocConnection>
            <ipxact:name>master_gp0_axi_arsize</ipxact:name>
            <ipxact:portReferences>
                <ipxact:internalPortReference componentRef="ARM_Processor_System_2264ff21e409_Inst" portRef="master_gp0_axi_arsize"/>
                <ipxact:externalPortReference portRef="master_gp0_axi_arsize"/>
            </ipxact:portReferences>
        </ipxact:adHocConnection>
        <ipxact:adHocConnection>
            <ipxact:name>master_gp0_axi_arvalid</ipxact:name>
            <ipxact:portReferences>
                <ipxact:internalPortReference componentRef="ARM_Processor_System_2264ff21e409_Inst" portRef="master_gp0_axi_arvalid"/>
                <ipxact:externalPortReference portRef="master_gp0_axi_arvalid"/>
            </ipxact:portReferences>
        </ipxact:adHocConnection>
        <ipxact:adHocConnection>
            <ipxact:name>master_gp0_axi_awaddr</ipxact:name>
            <ipxact:portReferences>
                <ipxact:internalPortReference componentRef="ARM_Processor_System_2264ff21e409_Inst" portRef="master_gp0_axi_awaddr"/>
                <ipxact:externalPortReference portRef="master_gp0_axi_awaddr"/>
            </ipxact:portReferences>
        </ipxact:adHocConnection>
        <ipxact:adHocConnection>
            <ipxact:name>master_gp0_axi_awburst</ipxact:name>
            <ipxact:portReferences>
                <ipxact:internalPortReference componentRef="ARM_Processor_System_2264ff21e409_Inst" portRef="master_gp0_axi_awburst"/>
                <ipxact:externalPortReference portRef="master_gp0_axi_awburst"/>
            </ipxact:portReferences>
        </ipxact:adHocConnection>
        <ipxact:adHocConnection>
            <ipxact:name>master_gp0_axi_awcache</ipxact:name>
            <ipxact:portReferences>
                <ipxact:internalPortReference componentRef="ARM_Processor_System_2264ff21e409_Inst" portRef="master_gp0_axi_awcache"/>
                <ipxact:externalPortReference portRef="master_gp0_axi_awcache"/>
            </ipxact:portReferences>
        </ipxact:adHocConnection>
        <ipxact:adHocConnection>
            <ipxact:name>master_gp0_axi_awid</ipxact:name>
            <ipxact:portReferences>
                <ipxact:internalPortReference componentRef="ARM_Processor_System_2264ff21e409_Inst" portRef="master_gp0_axi_awid"/>
                <ipxact:externalPortReference portRef="master_gp0_axi_awid"/>
            </ipxact:portReferences>
        </ipxact:adHocConnection>
        <ipxact:adHocConnection>
            <ipxact:name>master_gp0_axi_awlen</ipxact:name>
            <ipxact:portReferences>
                <ipxact:internalPortReference componentRef="ARM_Processor_System_2264ff21e409_Inst" portRef="master_gp0_axi_awlen"/>
                <ipxact:externalPortReference portRef="master_gp0_axi_awlen"/>
            </ipxact:portReferences>
        </ipxact:adHocConnection>
        <ipxact:adHocConnection>
            <ipxact:name>master_gp0_axi_awlock</ipxact:name>
            <ipxact:portReferences>
                <ipxact:internalPortReference componentRef="ARM_Processor_System_2264ff21e409_Inst" portRef="master_gp0_axi_awlock"/>
                <ipxact:externalPortReference portRef="master_gp0_axi_awlock"/>
            </ipxact:portReferences>
        </ipxact:adHocConnection>
        <ipxact:adHocConnection>
            <ipxact:name>master_gp0_axi_awprot</ipxact:name>
            <ipxact:portReferences>
                <ipxact:internalPortReference componentRef="ARM_Processor_System_2264ff21e409_Inst" portRef="master_gp0_axi_awprot"/>
                <ipxact:externalPortReference portRef="master_gp0_axi_awprot"/>
            </ipxact:portReferences>
        </ipxact:adHocConnection>
        <ipxact:adHocConnection>
            <ipxact:name>master_gp0_axi_awready</ipxact:name>
            <ipxact:portReferences>
                <ipxact:internalPortReference componentRef="ARM_Processor_System_2264ff21e409_Inst" portRef="master_gp0_axi_awready"/>
                <ipxact:externalPortReference portRef="master_gp0_axi_awready"/>
            </ipxact:portReferences>
        </ipxact:adHocConnection>
        <ipxact:adHocConnection>
            <ipxact:name>master_gp0_axi_awsize</ipxact:name>
            <ipxact:portReferences>
                <ipxact:internalPortReference componentRef="ARM_Processor_System_2264ff21e409_Inst" portRef="master_gp0_axi_awsize"/>
                <ipxact:externalPortReference portRef="master_gp0_axi_awsize"/>
            </ipxact:portReferences>
        </ipxact:adHocConnection>
        <ipxact:adHocConnection>
            <ipxact:name>master_gp0_axi_awvalid</ipxact:name>
            <ipxact:portReferences>
                <ipxact:internalPortReference componentRef="ARM_Processor_System_2264ff21e409_Inst" portRef="master_gp0_axi_awvalid"/>
                <ipxact:externalPortReference portRef="master_gp0_axi_awvalid"/>
            </ipxact:portReferences>
        </ipxact:adHocConnection>
        <ipxact:adHocConnection>
            <ipxact:name>master_gp0_axi_bid</ipxact:name>
            <ipxact:portReferences>
                <ipxact:internalPortReference componentRef="ARM_Processor_System_2264ff21e409_Inst" portRef="master_gp0_axi_bid"/>
                <ipxact:externalPortReference portRef="master_gp0_axi_bid"/>
            </ipxact:portReferences>
        </ipxact:adHocConnection>
        <ipxact:adHocConnection>
            <ipxact:name>master_gp0_axi_bready</ipxact:name>
            <ipxact:portReferences>
                <ipxact:internalPortReference componentRef="ARM_Processor_System_2264ff21e409_Inst" portRef="master_gp0_axi_bready"/>
                <ipxact:externalPortReference portRef="master_gp0_axi_bready"/>
            </ipxact:portReferences>
        </ipxact:adHocConnection>
        <ipxact:adHocConnection>
            <ipxact:name>master_gp0_axi_bresp</ipxact:name>
            <ipxact:portReferences>
                <ipxact:internalPortReference componentRef="ARM_Processor_System_2264ff21e409_Inst" portRef="master_gp0_axi_bresp"/>
                <ipxact:externalPortReference portRef="master_gp0_axi_bresp"/>
            </ipxact:portReferences>
        </ipxact:adHocConnection>
        <ipxact:adHocConnection>
            <ipxact:name>master_gp0_axi_bvalid</ipxact:name>
            <ipxact:portReferences>
                <ipxact:internalPortReference componentRef="ARM_Processor_System_2264ff21e409_Inst" portRef="master_gp0_axi_bvalid"/>
                <ipxact:externalPortReference portRef="master_gp0_axi_bvalid"/>
            </ipxact:portReferences>
        </ipxact:adHocConnection>
        <ipxact:adHocConnection>
            <ipxact:name>master_gp0_axi_rdata</ipxact:name>
            <ipxact:portReferences>
                <ipxact:internalPortReference componentRef="ARM_Processor_System_2264ff21e409_Inst" portRef="master_gp0_axi_rdata"/>
                <ipxact:externalPortReference portRef="master_gp0_axi_rdata"/>
            </ipxact:portReferences>
        </ipxact:adHocConnection>
        <ipxact:adHocConnection>
            <ipxact:name>master_gp0_axi_rid</ipxact:name>
            <ipxact:portReferences>
                <ipxact:internalPortReference componentRef="ARM_Processor_System_2264ff21e409_Inst" portRef="master_gp0_axi_rid"/>
                <ipxact:externalPortReference portRef="master_gp0_axi_rid"/>
            </ipxact:portReferences>
        </ipxact:adHocConnection>
        <ipxact:adHocConnection>
            <ipxact:name>master_gp0_axi_rlast</ipxact:name>
            <ipxact:portReferences>
                <ipxact:internalPortReference componentRef="ARM_Processor_System_2264ff21e409_Inst" portRef="master_gp0_axi_rlast"/>
                <ipxact:externalPortReference portRef="master_gp0_axi_rlast"/>
            </ipxact:portReferences>
        </ipxact:adHocConnection>
        <ipxact:adHocConnection>
            <ipxact:name>master_gp0_axi_rready</ipxact:name>
            <ipxact:portReferences>
                <ipxact:internalPortReference componentRef="ARM_Processor_System_2264ff21e409_Inst" portRef="master_gp0_axi_rready"/>
                <ipxact:externalPortReference portRef="master_gp0_axi_rready"/>
            </ipxact:portReferences>
        </ipxact:adHocConnection>
        <ipxact:adHocConnection>
            <ipxact:name>master_gp0_axi_rresp</ipxact:name>
            <ipxact:portReferences>
                <ipxact:internalPortReference componentRef="ARM_Processor_System_2264ff21e409_Inst" portRef="master_gp0_axi_rresp"/>
                <ipxact:externalPortReference portRef="master_gp0_axi_rresp"/>
            </ipxact:portReferences>
        </ipxact:adHocConnection>
        <ipxact:adHocConnection>
            <ipxact:name>master_gp0_axi_rvalid</ipxact:name>
            <ipxact:portReferences>
                <ipxact:internalPortReference componentRef="ARM_Processor_System_2264ff21e409_Inst" portRef="master_gp0_axi_rvalid"/>
                <ipxact:externalPortReference portRef="master_gp0_axi_rvalid"/>
            </ipxact:portReferences>
        </ipxact:adHocConnection>
        <ipxact:adHocConnection>
            <ipxact:name>master_gp0_axi_wdata</ipxact:name>
            <ipxact:portReferences>
                <ipxact:internalPortReference componentRef="ARM_Processor_System_2264ff21e409_Inst" portRef="master_gp0_axi_wdata"/>
                <ipxact:externalPortReference portRef="master_gp0_axi_wdata"/>
            </ipxact:portReferences>
        </ipxact:adHocConnection>
        <ipxact:adHocConnection>
            <ipxact:name>master_gp0_axi_wlast</ipxact:name>
            <ipxact:portReferences>
                <ipxact:internalPortReference componentRef="ARM_Processor_System_2264ff21e409_Inst" portRef="master_gp0_axi_wlast"/>
                <ipxact:externalPortReference portRef="master_gp0_axi_wlast"/>
            </ipxact:portReferences>
        </ipxact:adHocConnection>
        <ipxact:adHocConnection>
            <ipxact:name>master_gp0_axi_wready</ipxact:name>
            <ipxact:portReferences>
                <ipxact:internalPortReference componentRef="ARM_Processor_System_2264ff21e409_Inst" portRef="master_gp0_axi_wready"/>
                <ipxact:externalPortReference portRef="master_gp0_axi_wready"/>
            </ipxact:portReferences>
        </ipxact:adHocConnection>
        <ipxact:adHocConnection>
            <ipxact:name>master_gp0_axi_wstrb</ipxact:name>
            <ipxact:portReferences>
                <ipxact:internalPortReference componentRef="ARM_Processor_System_2264ff21e409_Inst" portRef="master_gp0_axi_wstrb"/>
                <ipxact:externalPortReference portRef="master_gp0_axi_wstrb"/>
            </ipxact:portReferences>
        </ipxact:adHocConnection>
        <ipxact:adHocConnection>
            <ipxact:name>master_gp0_axi_wvalid</ipxact:name>
            <ipxact:portReferences>
                <ipxact:internalPortReference componentRef="ARM_Processor_System_2264ff21e409_Inst" portRef="master_gp0_axi_wvalid"/>
                <ipxact:externalPortReference portRef="master_gp0_axi_wvalid"/>
            </ipxact:portReferences>
        </ipxact:adHocConnection>
        <ipxact:adHocConnection>
            <ipxact:name>f2p_irq</ipxact:name>
            <ipxact:portReferences>
                <ipxact:internalPortReference componentRef="ARM_Processor_System_2264ff21e409_Inst" portRef="f2p_irq"/>
                <ipxact:externalPortReference portRef="f2p_irq"/>
            </ipxact:portReferences>
        </ipxact:adHocConnection>
        <ipxact:adHocConnection>
            <ipxact:name>uart0_rx_in</ipxact:name>
            <ipxact:portReferences>
                <ipxact:internalPortReference componentRef="ARM_Processor_System_2264ff21e409_Inst" portRef="uart0_rx_in"/>
                <ipxact:externalPortReference portRef="uart0_rx_in"/>
            </ipxact:portReferences>
        </ipxact:adHocConnection>
        <ipxact:adHocConnection>
            <ipxact:name>uart0_tx_out</ipxact:name>
            <ipxact:portReferences>
                <ipxact:internalPortReference componentRef="ARM_Processor_System_2264ff21e409_Inst" portRef="uart0_tx_out"/>
                <ipxact:externalPortReference portRef="uart0_tx_out"/>
            </ipxact:portReferences>
        </ipxact:adHocConnection>
        <ipxact:adHocConnection>
            <ipxact:name>i2c0_scl_in</ipxact:name>
            <ipxact:portReferences>
                <ipxact:internalPortReference componentRef="ARM_Processor_System_2264ff21e409_Inst" portRef="i2c0_scl_in"/>
                <ipxact:externalPortReference portRef="i2c0_scl_in"/>
            </ipxact:portReferences>
        </ipxact:adHocConnection>
        <ipxact:adHocConnection>
            <ipxact:name>i2c0_scl_oe</ipxact:name>
            <ipxact:portReferences>
                <ipxact:internalPortReference componentRef="ARM_Processor_System_2264ff21e409_Inst" portRef="i2c0_scl_oe"/>
                <ipxact:externalPortReference portRef="i2c0_scl_oe"/>
            </ipxact:portReferences>
        </ipxact:adHocConnection>
        <ipxact:adHocConnection>
            <ipxact:name>i2c0_sda_in</ipxact:name>
            <ipxact:portReferences>
                <ipxact:internalPortReference componentRef="ARM_Processor_System_2264ff21e409_Inst" portRef="i2c0_sda_in"/>
                <ipxact:externalPortReference portRef="i2c0_sda_in"/>
            </ipxact:portReferences>
        </ipxact:adHocConnection>
        <ipxact:adHocConnection>
            <ipxact:name>i2c0_sda_oe</ipxact:name>
            <ipxact:portReferences>
                <ipxact:internalPortReference componentRef="ARM_Processor_System_2264ff21e409_Inst" portRef="i2c0_sda_oe"/>
                <ipxact:externalPortReference portRef="i2c0_sda_oe"/>
            </ipxact:portReferences>
        </ipxact:adHocConnection>
        <ipxact:adHocConnection>
            <ipxact:name>p2f_rst0_n</ipxact:name>
            <ipxact:portReferences>
                <ipxact:internalPortReference componentRef="ARM_Processor_System_2264ff21e409_Inst" portRef="p2f_rst0_n"/>
                <ipxact:externalPortReference portRef="p2f_rst0_n"/>
            </ipxact:portReferences>
        </ipxact:adHocConnection>
        <ipxact:adHocConnection>
            <ipxact:name>p2f_clk0</ipxact:name>
            <ipxact:portReferences>
                <ipxact:internalPortReference componentRef="ARM_Processor_System_2264ff21e409_Inst" portRef="p2f_clk0"/>
                <ipxact:externalPortReference portRef="p2f_clk0"/>
            </ipxact:portReferences>
        </ipxact:adHocConnection>
    </ipxact:adHocConnections>
    <ipxact:vendorExtensions>
        <anlogic:device>DR1M90MEG484</anlogic:device>
        <anlogic:speed>-2</anlogic:speed>
        <anlogic:displayname></anlogic:displayname>
        <anlogic:ipGenVersion>1.0</anlogic:ipGenVersion>
        <anlogic:customTool>use_ps</anlogic:customTool>
    </ipxact:vendorExtensions>
</ipxact:design>
